"Customer ID","Name","Email Address","Age","Location","Income","Occupation","Laptop Brands","Price","Frequency of Use","Purpose","Previous Brands Owned","Satisfaction Rating","Tech Knowledge Level","Cart Abandonment"
68338060,"Scott Rodriguez","davidolson@example.com",22,"Small City",35046,"Skilled Employee/official","Acer",477.99697633218017,"Weekly","Work","Professor parent.",4,"Intermediate","No"
25840471,"Amanda Wilkins","erika47@example.net",41,"Small City",40704,"Skilled Employee/official","HP",365.6306034767274,"Daily","Work","Foreign.",4,"Intermediate","No"
66190121,"Robert Mccarthy","kathleenmartin@example.com",54,"Big City",51396,"Management/self-employed/highly qualified employee/officer","Asus",405.15952769384126,"Weekly","Work","Analysis.",3,"Intermediate","No"
35744722,"Austin Mayo","coxadam@example.net",21,"Small City",40111,"Unemployed/Unskilled","Apple",1868.287589757352,"Daily","Entertainment","Town order.",5,"Beginner","No"
43912803,"Mike Parker","barry29@example.org",40,"Midsize-City",69867,"Management/self-employed/highly qualified employee/officer","Lenovo",443.3248930964336,"Daily","Entertainment","Item.",3,"Advanced","Yes"
15036097,"Patricia Hardin","tgreen@example.org",57,"Big City",63699,"Management/self-employed/highly qualified employee/officer","Apple",1131.3050116435368,"Weekly","Gaming","Sea blue.",5,"Intermediate","No"
46694982,"Dr. Yvette Walton","callahanrachel@example.net",46,"Midsize-City",37594,"Unemployed/Unskilled","Lenovo",1113.2897144184321,"Weekly","Work","Speak.",4,"Intermediate","No"
30622280,"Amber Anderson","castillocharles@example.net",35,"Big City",279313,"Skilled Employee/official","Asus",853.2659209968218,"Daily","Work","Thus.",5,"Expert","No"
55170543,"Matthew Benson","lisa73@example.net",58,"Midsize-City",35662,"Unemployed/Unskilled","Apple",1463.8539926949666,"Weekly","Work","Happy he.",4,"Intermediate","No"
23546261,"Justin Bradley","changoscar@example.com",20,"Big City",224838,"Skilled Employee/official","Lenovo",1166.3206300731113,"Rarely","Entertainment","Teach.",2,"Expert","No"
33283487,"Nicole Anderson","pachecoelizabeth@example.org",22,"Small City",41830,"Unemployed/Unskilled","HP",1669.2062120297935,"Daily","Entertainment","Military.",1,"Beginner","Yes"
66102740,"Jennifer Chapman DDS","acostakristopher@example.net",42,"Big City",201242,"Management/self-employed/highly qualified employee/officer","Lenovo",1776.331258668552,"Rarely","Gaming","Husband another.",2,"Advanced","No"
18985079,"Scott Pace","jennifer90@example.net",61,"Midsize-City",40735,"Unemployed/Unskilled","Asus",1041.875832349271,"Weekly","Work","South.",5,"Intermediate","No"
73682847,"David Harrell","marshallana@example.net",43,"Midsize-City",40903,"Skilled Employee/official","Asus",1665.649897446581,"Weekly","Gaming","Star tell.",2,"Intermediate","Yes"
57442733,"Brittany Nichols","cwalter@example.com",55,"Small City",44615,"Management/self-employed/highly qualified employee/officer","HP",1959.820818744495,"Weekly","Work","Place majority.",3,"Beginner","Yes"
64085276,"Brianna Underwood","gphelps@example.com",58,"Small City",48819,"Unemployed/Unskilled","HP",506.9014482641752,"Weekly","Work","None.",1,"Intermediate","No"
43310158,"Victor Mercer","shawnnoble@example.net",22,"Midsize-City",62963,"Unemployed/Unskilled","Dell",1176.6377641552886,"Weekly","Work","Grow author.",4,"Advanced","No"
65703443,"John Moss","hayneschad@example.org",34,"Big City",64742,"Management/self-employed/highly qualified employee/officer","Asus",1487.588956517636,"Daily","Entertainment","I quality.",1,"Advanced","No"
13253475,"Megan Alvarado PhD","harrisbrett@example.org",45,"Midsize-City",62728,"Unemployed/Unskilled","Acer",1984.6895751963802,"Weekly","Gaming","Whose per.",4,"Intermediate","No"
39226635,"Nichole Walker","sandy52@example.com",51,"Midsize-City",36766,"Unemployed/Unskilled","HP",1635.097179669758,"Rarely","Gaming","Expert.",2,"Intermediate","No"
30064335,"Frank Lloyd","jonesjohnny@example.org",52,"Big City",84930,"Skilled Employee/official","Apple",416.072676558703,"Daily","Entertainment","One author.",4,"Intermediate","No"
30757243,"Robert Perez","codyrogers@example.net",63,"Big City",50440,"Unemployed/Unskilled","Asus",857.2321521360661,"Daily","Work","Join player.",4,"Advanced","No"
62736105,"Samantha Montoya","erik34@example.org",57,"Big City",54715,"Management/self-employed/highly qualified employee/officer","Dell",1083.6118489283006,"Rarely","Gaming","Less whether.",2,"Intermediate","No"
18059270,"Marcus Johnson","xdiaz@example.org",38,"Midsize-City",38625,"Unemployed/Unskilled","Dell",871.1146071440218,"Rarely","Entertainment","Authority style.",4,"Beginner","No"
82414027,"David Nolan","zblake@example.org",35,"Midsize-City",36285,"Skilled Employee/official","Lenovo",1271.9485870071853,"Weekly","Work","Seven loss.",4,"Intermediate","No"
50805642,"Erika Cruz","mercadokelsey@example.com",50,"Midsize-City",41097,"Management/self-employed/highly qualified employee/officer","Lenovo",645.4162701319046,"Rarely","Gaming","Care tell.",2,"Beginner","Yes"
32558003,"Ian Soto","pchavez@example.net",22,"Big City",219889,"Skilled Employee/official","Lenovo",312.85816825783184,"Weekly","Entertainment","Kitchen allow.",4,"Advanced","No"
64032353,"Jaclyn Ayala","shelly88@example.org",52,"Midsize-City",46540,"Unemployed/Unskilled","Dell",1108.8391214609942,"Daily","Entertainment","Never.",1,"Intermediate","No"
33755662,"Adam Moore","sara82@example.net",66,"Big City",66461,"Skilled Employee/official","Acer",668.6653582007158,"Weekly","Entertainment","Not east.",3,"Intermediate","No"
36518075,"Isaac Young","garylawson@example.net",53,"Midsize-City",36433,"Management/self-employed/highly qualified employee/officer","Apple",754.2651208393248,"Rarely","Entertainment","Say.",5,"Beginner","No"
66319423,"Ashley Santos","paulthompson@example.com",44,"Big City",124603,"Management/self-employed/highly qualified employee/officer","Apple",1259.984683694474,"Daily","Work","Idea simply.",4,"Expert","No"
81498932,"Brittany Wilson","vsmith@example.net",31,"Midsize-City",43360,"Unemployed/Unskilled","Lenovo",611.7182708395338,"Rarely","Entertainment","Catch nice.",3,"Intermediate","Yes"
86512463,"Eric Benitez","ogalvan@example.net",38,"Big City",180656,"Unemployed/Unskilled","Asus",1106.726504098575,"Weekly","Gaming","Long take.",2,"Advanced","Yes"
66210909,"Kevin Mcguire","dannygonzalez@example.net",49,"Midsize-City",94672,"Unemployed/Unskilled","Lenovo",1063.6396933865917,"Rarely","Gaming","Listen.",3,"Advanced","No"
14343626,"Jennifer Collins","bartonjoseph@example.com",21,"Midsize-City",39644,"Skilled Employee/official","HP",664.2564914233984,"Daily","Entertainment","Interview.",3,"Intermediate","Yes"
76031167,"Andrew Greene","rperkins@example.com",43,"Midsize-City",44414,"Skilled Employee/official","Acer",710.0873740718505,"Weekly","Work","However.",1,"Beginner","Yes"
16951517,"Daniel Johnson","middletonsharon@example.com",64,"Midsize-City",44125,"Management/self-employed/highly qualified employee/officer","Lenovo",1061.4161519286927,"Weekly","Work","Cost.",2,"Intermediate","Yes"
37864107,"David Jones","markcox@example.net",39,"Big City",116291,"Skilled Employee/official","Asus",608.805241334151,"Rarely","Entertainment","Same Democrat.",4,"Advanced","No"
23142740,"Elizabeth Lewis","michellehughes@example.net",43,"Small City",48272,"Skilled Employee/official","Acer",1847.594042101457,"Weekly","Entertainment","Writer.",1,"Intermediate","No"
64558389,"Sonya Fuller","jermaine37@example.net",60,"Midsize-City",42969,"Skilled Employee/official","Dell",1458.1765304624184,"Weekly","Entertainment","Seem two.",4,"Intermediate","No"
79195704,"Brandi Lamb","sarah84@example.org",35,"Big City",123713,"Management/self-employed/highly qualified employee/officer","Asus",1120.780716777896,"Rarely","Gaming","Scientist your.",5,"Advanced","No"
92740296,"Christopher Garcia","obond@example.com",66,"Big City",64483,"Management/self-employed/highly qualified employee/officer","Lenovo",1716.368907486173,"Rarely","Gaming","Though.",3,"Intermediate","Yes"
78348779,"Joel Mueller","misty82@example.net",70,"Big City",210579,"Skilled Employee/official","HP",1155.4341014710303,"Weekly","Gaming","Population available.",4,"Advanced","No"
32175936,"Morgan Kelley","amandaperez@example.com",18,"Midsize-City",36099,"Skilled Employee/official","Asus",1549.9730563681044,"Weekly","Entertainment","Tend truth.",4,"Intermediate","No"
17622263,"Deborah Garcia MD","james14@example.com",33,"Midsize-City",60904,"Unemployed/Unskilled","Apple",1839.2382576013997,"Daily","Work","Image.",4,"Advanced","No"
71287462,"Michael Acosta","solomonjason@example.net",45,"Midsize-City",35121,"Unemployed/Unskilled","Asus",1444.0715423278073,"Daily","Entertainment","Example.",3,"Beginner","No"
91961826,"Jessica Hayes","dhays@example.com",45,"Big City",219522,"Unemployed/Unskilled","Apple",769.8130800333811,"Rarely","Entertainment","Amount.",5,"Expert","No"
12427955,"Darrell Lee","mossamanda@example.org",48,"Midsize-City",63903,"Skilled Employee/official","Dell",1962.0621735098166,"Rarely","Gaming","Development factor.",1,"Intermediate","Yes"
34839022,"Anthony Simon","samanthablack@example.org",59,"Small City",46393,"Skilled Employee/official","Acer",1881.629518827136,"Daily","Work","Describe hospital.",5,"Beginner","No"
69511713,"Lauren Baird","leonard39@example.org",50,"Small City",49084,"Skilled Employee/official","Acer",656.4834130385639,"Daily","Work","Head.",3,"Intermediate","Yes"
23340614,"Rachael Cole","douglasalex@example.com",64,"Big City",145915,"Skilled Employee/official","HP",593.8569929852954,"Weekly","Entertainment","Before yet.",5,"Advanced","No"
21604751,"Ronnie Frazier","annacampbell@example.com",27,"Midsize-City",43070,"Unemployed/Unskilled","Acer",1301.641213939728,"Weekly","Work","Local.",5,"Intermediate","No"
68463760,"Tami Baker","youngtodd@example.org",34,"Midsize-City",66511,"Management/self-employed/highly qualified employee/officer","Asus",1724.4986277893966,"Weekly","Gaming","Before.",5,"Intermediate","No"
52825034,"Russell Boyd","shawn62@example.com",36,"Midsize-City",49542,"Management/self-employed/highly qualified employee/officer","Apple",738.2005673984942,"Weekly","Work","After face.",2,"Beginner","No"
12224503,"Brandy Newton","james60@example.org",62,"Big City",237404,"Unemployed/Unskilled","Acer",1564.0311024932246,"Weekly","Gaming","Force.",1,"Expert","Yes"
32663531,"Damon Gomez","tbarnes@example.org",58,"Small City",49562,"Management/self-employed/highly qualified employee/officer","Acer",555.0412700731631,"Weekly","Gaming","Million.",2,"Beginner","Yes"
28744000,"Terry Fitzpatrick","kennethjohnston@example.net",27,"Big City",64766,"Skilled Employee/official","Asus",790.4760718045587,"Daily","Entertainment","Moment treatment.",5,"Intermediate","No"
95724866,"Patrick Schroeder","brianharris@example.com",64,"Big City",57406,"Unemployed/Unskilled","HP",1139.580852080072,"Weekly","Gaming","Spend.",2,"Advanced","No"
74483022,"Carmen Peters","sally72@example.net",69,"Small City",39222,"Skilled Employee/official","Lenovo",1921.1890610554624,"Daily","Work","Sound.",2,"Intermediate","Yes"
22529696,"Todd Faulkner","starkpaul@example.com",60,"Midsize-City",65208,"Skilled Employee/official","Lenovo",322.91907577318665,"Daily","Work","Opportunity.",4,"Intermediate","No"
30953359,"Lisa Smith","rivasmercedes@example.com",64,"Midsize-City",49453,"Management/self-employed/highly qualified employee/officer","Asus",1857.1862530135927,"Rarely","Gaming","Bank.",3,"Intermediate","Yes"
49079537,"Lisa Howell","aromero@example.net",36,"Midsize-City",64648,"Skilled Employee/official","Acer",634.6095882651605,"Rarely","Gaming","Despite station.",1,"Intermediate","No"
64773206,"Nancy Jones","kbryant@example.org",19,"Midsize-City",63149,"Unemployed/Unskilled","Apple",546.654385327887,"Weekly","Entertainment","Final.",4,"Advanced","No"
52752309,"Daniel Payne","ecarroll@example.com",39,"Big City",60096,"Skilled Employee/official","Dell",1679.4783527946283,"Daily","Work","New by.",4,"Intermediate","No"
12281072,"Allison Ross","lunasusan@example.org",38,"Big City",278487,"Skilled Employee/official","HP",1488.7187495826404,"Daily","Work","Week relate.",1,"Advanced","No"
70116125,"Diana Martinez","higginssusan@example.com",63,"Big City",141332,"Skilled Employee/official","Dell",831.8455967002764,"Daily","Entertainment","Tv.",3,"Expert","Yes"
42335016,"William Clark","megan98@example.com",32,"Big City",182543,"Management/self-employed/highly qualified employee/officer","Acer",633.3669623283764,"Rarely","Gaming","City national.",4,"Expert","No"
60229440,"Kent Gomez","thomassteven@example.org",54,"Midsize-City",60756,"Management/self-employed/highly qualified employee/officer","Acer",1972.5022622660138,"Weekly","Gaming","Crime.",2,"Intermediate","No"
86697263,"Danielle Simmons","austindeanna@example.com",52,"Big City",283945,"Unemployed/Unskilled","Acer",1605.4147945592263,"Rarely","Entertainment","Draw see.",1,"Expert","No"
13649410,"Melissa Nicholson","maryprince@example.com",68,"Midsize-City",53454,"Skilled Employee/official","Lenovo",797.2948139900956,"Rarely","Entertainment","Author.",5,"Intermediate","No"
43377405,"Michele Barber","brooke83@example.com",57,"Big City",125731,"Unemployed/Unskilled","Apple",872.9646723383473,"Weekly","Work","Accept say.",5,"Advanced","No"
12555428,"Sean Sims","ybyrd@example.net",61,"Big City",109307,"Unemployed/Unskilled","Dell",1157.5446979466033,"Weekly","Work","Whose.",1,"Expert","No"
19202280,"Jacob Jordan","cathy17@example.net",65,"Big City",72789,"Unemployed/Unskilled","HP",504.5326614941032,"Weekly","Work","Positive deep.",2,"Advanced","Yes"
77963710,"Kenneth Jones","nlyons@example.com",55,"Midsize-City",67530,"Management/self-employed/highly qualified employee/officer","Dell",1326.4112817236733,"Weekly","Entertainment","Shake popular.",1,"Intermediate","No"
62250626,"Brian Crane","heather22@example.com",69,"Small City",40041,"Skilled Employee/official","Acer",537.1227373234211,"Daily","Work","Still like.",3,"Intermediate","Yes"
91969750,"Karen Newman","thomas51@example.net",55,"Big City",162177,"Skilled Employee/official","Lenovo",1798.989153319349,"Rarely","Gaming","Minute.",5,"Expert","No"
82313799,"Caleb Green","rnorman@example.net",63,"Big City",126801,"Unemployed/Unskilled","Apple",1967.1502157155742,"Rarely","Entertainment","At material.",2,"Advanced","Yes"
84330652,"Bailey Collins","boothchristopher@example.org",51,"Small City",47090,"Skilled Employee/official","Apple",1858.4450361205909,"Daily","Work","Range family.",3,"Intermediate","Yes"
74177196,"Justin Jones","thomasjeffery@example.org",38,"Big City",254719,"Skilled Employee/official","Dell",521.6378722801566,"Weekly","Work","Late court.",3,"Expert","Yes"
79045473,"Joshua Torres","melissawest@example.org",60,"Midsize-City",37646,"Management/self-employed/highly qualified employee/officer","HP",833.3300193421578,"Daily","Work","Both.",4,"Beginner","No"
59845112,"Amanda Peterson","garciarose@example.com",68,"Big City",93539,"Skilled Employee/official","Dell",964.4580597410015,"Weekly","Gaming","Give exist.",1,"Advanced","Yes"
90647798,"Jordan Molina","michaelbridges@example.org",70,"Small City",40248,"Skilled Employee/official","Apple",317.65067668086454,"Weekly","Gaming","Measure able.",4,"Intermediate","No"
92364907,"Amy Myers","randalladam@example.com",48,"Big City",293323,"Unemployed/Unskilled","Asus",1906.3706641032068,"Rarely","Entertainment","Low tree.",2,"Advanced","No"
96758358,"David Cline","todd19@example.com",42,"Big City",155207,"Unemployed/Unskilled","HP",649.3603152642329,"Rarely","Gaming","Actually lead.",3,"Expert","No"
33798663,"Nicole Johnson","zrocha@example.com",65,"Big City",163454,"Skilled Employee/official","Acer",1961.6763850421082,"Weekly","Entertainment","City open.",5,"Advanced","No"
23552982,"Melissa Yang","melissa78@example.org",34,"Midsize-City",44320,"Unemployed/Unskilled","Acer",334.0320972228267,"Daily","Entertainment","Anyone.",2,"Intermediate","No"
39738997,"Dr. Alyssa Collins","betty54@example.net",24,"Big City",218460,"Management/self-employed/highly qualified employee/officer","HP",328.88175783806,"Weekly","Work","Agency.",1,"Advanced","Yes"
61696962,"Dorothy Alvarez","stephaniebrown@example.org",57,"Big City",154146,"Unemployed/Unskilled","Lenovo",1187.2227007826475,"Rarely","Gaming","Environmental college.",1,"Expert","Yes"
67082898,"Casey Patton","darlene66@example.com",42,"Midsize-City",44355,"Management/self-employed/highly qualified employee/officer","HP",1516.112010626704,"Rarely","Gaming","Beat old.",1,"Beginner","Yes"
98943756,"Roger Schroeder","amanda15@example.org",58,"Big City",68773,"Management/self-employed/highly qualified employee/officer","Lenovo",1647.6850049707266,"Daily","Entertainment","Near.",3,"Intermediate","Yes"
71119266,"Taylor Roberts","dereksandoval@example.org",34,"Midsize-City",41320,"Management/self-employed/highly qualified employee/officer","Apple",1021.5427531066315,"Weekly","Work","Eight item.",3,"Beginner","No"
67613698,"Ronald Matthews","loretta85@example.org",40,"Big City",277705,"Management/self-employed/highly qualified employee/officer","Asus",1588.2851467977696,"Daily","Work","Sea good.",1,"Advanced","No"
99439502,"Laura Manning","kyleburch@example.net",56,"Midsize-City",35117,"Management/self-employed/highly qualified employee/officer","Acer",323.8585632265792,"Rarely","Gaming","According.",1,"Beginner","No"
40694810,"David Gonzalez","aflowers@example.org",26,"Midsize-City",69740,"Unemployed/Unskilled","Apple",435.67431303712107,"Weekly","Entertainment","You.",3,"Intermediate","No"
95372298,"Robert Cook","cassandraross@example.org",20,"Midsize-City",58930,"Skilled Employee/official","HP",1054.7314678605221,"Rarely","Gaming","Character group.",3,"Intermediate","No"
28637181,"Jaime Henson","frederick29@example.org",41,"Big City",65230,"Unemployed/Unskilled","HP",1892.5044634930819,"Daily","Entertainment","Discover kind.",4,"Intermediate","No"
90587089,"John Martinez","judy99@example.org",43,"Midsize-City",37001,"Unemployed/Unskilled","Dell",1844.6192363444022,"Weekly","Entertainment","Her.",5,"Intermediate","No"
83001365,"Tammy Marshall","ksaunders@example.com",54,"Small City",36103,"Management/self-employed/highly qualified employee/officer","Dell",582.2805012333113,"Daily","Work","Describe specific.",2,"Intermediate","Yes"
12670568,"Alejandro Rogers","tmiller@example.com",64,"Big City",216220,"Management/self-employed/highly qualified employee/officer","Acer",1105.1860719121398,"Daily","Work","Turn.",4,"Advanced","No"
75652780,"Joseph Stewart","janet30@example.org",59,"Big City",185743,"Management/self-employed/highly qualified employee/officer","Dell",1664.1673002273749,"Rarely","Entertainment","Ten real.",2,"Expert","No"
80278999,"Kristen Adams","parsonsjacob@example.com",23,"Big City",66186,"Management/self-employed/highly qualified employee/officer","HP",1493.602939917379,"Daily","Work","Cultural.",2,"Intermediate","No"
41811386,"Ryan Welch","steven88@example.com",52,"Small City",42578,"Skilled Employee/official","Acer",1592.3996211983128,"Daily","Work","Pretty.",2,"Beginner","No"
72164126,"Nicole Vasquez","julie16@example.com",67,"Big City",62806,"Skilled Employee/official","Acer",444.1691903369068,"Rarely","Gaming","See.",3,"Intermediate","Yes"
18028227,"Heidi Boyd","tdavis@example.org",66,"Midsize-City",49481,"Skilled Employee/official","Apple",1073.9038397985994,"Weekly","Gaming","Suffer arrive.",3,"Intermediate","No"
70021722,"Cody Harris","tmiller@example.com",22,"Midsize-City",65997,"Unemployed/Unskilled","HP",1122.2440515224703,"Weekly","Entertainment","State.",3,"Advanced","Yes"
68867288,"Mrs. Claire Hammond DVM","ekelley@example.com",44,"Small City",35691,"Management/self-employed/highly qualified employee/officer","Asus",321.9672963872899,"Rarely","Gaming","Meet.",5,"Beginner","No"
32744649,"Calvin Wilson","lee48@example.org",51,"Small City",35401,"Skilled Employee/official","Asus",1166.892787366383,"Rarely","Gaming","Cultural.",5,"Beginner","No"
25737164,"Alexandra Evans","deborah62@example.net",38,"Big City",256330,"Unemployed/Unskilled","Lenovo",1713.1385507998284,"Daily","Work","Evidence suddenly.",5,"Advanced","No"
38569789,"Michael Villegas","robertwilliams@example.net",51,"Big City",142572,"Skilled Employee/official","Apple",587.1682454042841,"Weekly","Work","Beat still.",4,"Advanced","No"
69434949,"Amy Gray","bryansolomon@example.org",70,"Big City",55629,"Management/self-employed/highly qualified employee/officer","Asus",1684.0804838083134,"Rarely","Gaming","Standard somebody.",2,"Advanced","Yes"
74083984,"John Hill","jeremiah53@example.com",32,"Small City",43925,"Unemployed/Unskilled","Dell",1646.6834513006715,"Rarely","Gaming","Three whatever.",5,"Beginner","No"
70662088,"Bradley Cunningham","khanzachary@example.org",33,"Big City",243315,"Unemployed/Unskilled","Apple",701.3873276872223,"Weekly","Gaming","Method.",3,"Expert","No"
99485222,"Jamie Downs","igrant@example.com",30,"Midsize-City",52967,"Management/self-employed/highly qualified employee/officer","Dell",535.12313113679,"Weekly","Gaming","Woman.",1,"Intermediate","Yes"
59977379,"Eduardo Thompson","johnsonjeffrey@example.net",70,"Midsize-City",53951,"Unemployed/Unskilled","Acer",413.5719888796386,"Weekly","Work","Type.",2,"Intermediate","Yes"
87413211,"Mark Webster","parkerashley@example.net",34,"Midsize-City",36677,"Unemployed/Unskilled","HP",1244.4431499595157,"Daily","Work","Light.",4,"Intermediate","No"
25946027,"Edward Andrews","matthewwerner@example.net",47,"Big City",105001,"Management/self-employed/highly qualified employee/officer","Apple",1291.9013382809335,"Rarely","Gaming","Meeting.",4,"Advanced","No"
39110419,"Ronald Morton","ygeorge@example.net",46,"Small City",46618,"Unemployed/Unskilled","Dell",1476.5700005242495,"Daily","Entertainment","Society pull.",5,"Intermediate","No"
67824973,"Jennifer Webb","heathermartin@example.org",35,"Big City",276864,"Skilled Employee/official","Apple",952.6876740461299,"Weekly","Work","Difficult.",4,"Expert","No"
34599716,"Devin Summers","robert05@example.com",49,"Midsize-City",43216,"Management/self-employed/highly qualified employee/officer","Dell",437.3635643322823,"Weekly","Gaming","Magazine.",5,"Intermediate","No"
86124796,"Jennifer Jones","dfitzpatrick@example.com",58,"Big City",243259,"Skilled Employee/official","HP",736.0626888936742,"Weekly","Entertainment","Important.",3,"Expert","No"
98475775,"Christopher Reed","chloemay@example.net",26,"Big City",193649,"Unemployed/Unskilled","Lenovo",1008.47479485701,"Weekly","Gaming","Day write.",2,"Advanced","No"
87496922,"Eugene Turner","christineyoung@example.com",68,"Midsize-City",65789,"Unemployed/Unskilled","Dell",726.3241004032388,"Daily","Work","Whether.",5,"Advanced","No"
79217073,"Cory Thompson","amber35@example.org",41,"Big City",119257,"Skilled Employee/official","Dell",1930.2766505321338,"Weekly","Work","One statement.",2,"Expert","Yes"
34938175,"Brandon Bryant","laura78@example.com",44,"Big City",64840,"Skilled Employee/official","Apple",1835.6866907007534,"Weekly","Gaming","Lawyer mouth.",3,"Advanced","No"
70454608,"Samuel Kelly","xbutler@example.org",28,"Big City",57362,"Management/self-employed/highly qualified employee/officer","Lenovo",436.2414155314067,"Weekly","Entertainment","Alone.",5,"Advanced","No"
58315731,"Kelly Hayes","codymccormick@example.net",48,"Big City",274149,"Management/self-employed/highly qualified employee/officer","Acer",723.1914064926948,"Weekly","Gaming","Paper lot.",3,"Advanced","No"
43836753,"Susan Bennett","claire17@example.net",42,"Big City",261455,"Management/self-employed/highly qualified employee/officer","Acer",1240.4152248469068,"Weekly","Gaming","Month.",3,"Expert","No"
41035138,"Vanessa Barnes","xzuniga@example.org",56,"Small City",49232,"Skilled Employee/official","Apple",673.2218771724974,"Weekly","Entertainment","Suffer game.",5,"Intermediate","No"
10428585,"Erika Macias","kennedycharles@example.com",32,"Big City",67547,"Skilled Employee/official","Acer",466.6725456404336,"Rarely","Entertainment","When because.",1,"Intermediate","No"
23153343,"Brenda Weaver","kscott@example.com",20,"Midsize-City",40079,"Unemployed/Unskilled","Acer",1325.9647859447048,"Weekly","Work","Whose law.",1,"Intermediate","No"
83030848,"Wesley Rocha","scottbrian@example.net",36,"Midsize-City",42895,"Management/self-employed/highly qualified employee/officer","Dell",1933.4787867222535,"Daily","Work","Behavior clearly.",2,"Beginner","No"
71655465,"Jodi Johnson","ilandry@example.com",57,"Midsize-City",53285,"Skilled Employee/official","HP",1651.829597786078,"Rarely","Gaming","Into decision.",2,"Intermediate","No"
16056849,"Susan Dixon","kevin83@example.com",41,"Midsize-City",35764,"Unemployed/Unskilled","Dell",308.06510197414855,"Weekly","Work","Realize worker.",2,"Beginner","Yes"
82110773,"Matthew Floyd","yjimenez@example.net",34,"Big City",162052,"Skilled Employee/official","Acer",1111.0589635377733,"Weekly","Gaming","Operation western.",1,"Expert","No"
47227955,"Jody Le","mckenzie35@example.com",50,"Midsize-City",48676,"Unemployed/Unskilled","Dell",1261.4520531232517,"Weekly","Work","Big.",2,"Intermediate","Yes"
26133848,"Melissa Riley","dyertammy@example.com",27,"Small City",43518,"Management/self-employed/highly qualified employee/officer","Dell",565.3750349418644,"Daily","Entertainment","Recent because.",4,"Beginner","No"
54521800,"Donna Chavez","cgarrison@example.net",19,"Big City",67901,"Unemployed/Unskilled","Lenovo",1764.0839698640889,"Daily","Entertainment","Case sound.",2,"Intermediate","No"
61787196,"Alejandra Strickland","heatherford@example.com",62,"Big City",54462,"Skilled Employee/official","Acer",854.792959958338,"Weekly","Work","Yet.",3,"Advanced","Yes"
75598452,"Jacqueline Elliott","ybryant@example.com",34,"Big City",290988,"Management/self-employed/highly qualified employee/officer","Asus",1070.1296445548905,"Weekly","Work","Store business.",2,"Advanced","No"
98665933,"Anthony Henderson DDS","zachary26@example.com",53,"Midsize-City",43035,"Management/self-employed/highly qualified employee/officer","Acer",817.440232325927,"Rarely","Gaming","Reason play.",3,"Beginner","Yes"
48472657,"Tiffany Zuniga","rebecca44@example.com",41,"Small City",39636,"Management/self-employed/highly qualified employee/officer","Lenovo",940.404848537944,"Daily","Work","Professional popular.",4,"Beginner","No"
82399534,"Danielle Campbell","pauldavis@example.net",55,"Midsize-City",42893,"Management/self-employed/highly qualified employee/officer","Apple",779.4656580997082,"Weekly","Entertainment","Sign.",4,"Intermediate","No"
82379830,"Rhonda Anderson","xcollins@example.com",45,"Midsize-City",44292,"Unemployed/Unskilled","Lenovo",962.5090506480769,"Weekly","Work","Drive group.",5,"Beginner","No"
76831687,"Jane Wood","christopherstewart@example.com",30,"Midsize-City",37762,"Unemployed/Unskilled","Dell",906.1469060161111,"Rarely","Entertainment","Deep.",5,"Beginner","No"
59874021,"Sean Lee","wardamanda@example.org",64,"Midsize-City",37543,"Skilled Employee/official","Lenovo",1574.2805202335876,"Weekly","Work","This admit.",5,"Intermediate","No"
97284821,"Ashley Holt","anthony57@example.org",28,"Big City",223288,"Management/self-employed/highly qualified employee/officer","Apple",322.55032272239725,"Weekly","Work","Break.",5,"Expert","No"
82493566,"Ryan Snyder","maria60@example.org",40,"Midsize-City",35043,"Unemployed/Unskilled","Lenovo",942.5450177451667,"Daily","Work","Speak eye.",1,"Beginner","Yes"
93036290,"Jesse Hunter","jasminewilliams@example.net",62,"Small City",41432,"Management/self-employed/highly qualified employee/officer","HP",1200.5427282913893,"Daily","Entertainment","Hope author.",5,"Intermediate","No"
36865354,"Kelsey Vazquez","melanie60@example.org",35,"Midsize-City",54909,"Unemployed/Unskilled","Apple",1138.1762690213636,"Weekly","Entertainment","Girl son.",5,"Advanced","No"
46091203,"Maria Anthony","alexandra01@example.net",68,"Small City",48297,"Unemployed/Unskilled","HP",1009.5309396727965,"Weekly","Work","Walk.",2,"Beginner","Yes"
46207335,"Steven Lloyd","melanie02@example.com",21,"Midsize-City",38796,"Management/self-employed/highly qualified employee/officer","Acer",400.7231573175559,"Rarely","Entertainment","Church.",2,"Intermediate","Yes"
34565661,"Michael Owens","ysmith@example.com",39,"Big City",201576,"Management/self-employed/highly qualified employee/officer","Lenovo",1114.764297816903,"Daily","Work","Difference.",5,"Advanced","No"
63607553,"Stephanie Anderson","castromegan@example.com",39,"Big City",57130,"Skilled Employee/official","HP",1871.7284505245998,"Weekly","Gaming","Training.",2,"Advanced","Yes"
90473762,"Jeffrey Holden","dwest@example.org",28,"Midsize-City",55480,"Unemployed/Unskilled","Apple",1836.8635420086605,"Rarely","Gaming","Rest behind.",2,"Advanced","Yes"
46928126,"Sherry Davis","josephdaniel@example.org",23,"Big City",60621,"Management/self-employed/highly qualified employee/officer","Dell",1109.2553432902014,"Weekly","Entertainment","Garden phone.",1,"Intermediate","No"
43224685,"Madeline Johnston","martinezjohn@example.net",21,"Small City",37395,"Unemployed/Unskilled","Acer",1631.015680418214,"Weekly","Work","Threat his.",3,"Intermediate","Yes"
35472186,"Isaiah Combs","meltonethan@example.com",64,"Big City",267101,"Unemployed/Unskilled","Asus",1852.764733643561,"Weekly","Work","At indeed.",3,"Advanced","Yes"
20194548,"Kristy Miles","jessicamitchell@example.com",31,"Small City",47098,"Management/self-employed/highly qualified employee/officer","Acer",392.75113021551397,"Daily","Work","Summer.",1,"Beginner","No"
31749769,"Janet Sexton","myersmeredith@example.org",35,"Small City",41949,"Management/self-employed/highly qualified employee/officer","Lenovo",623.4234958028694,"Rarely","Entertainment","Despite.",4,"Intermediate","No"
23909477,"Jennifer Bates","williamgarcia@example.org",38,"Small City",37190,"Management/self-employed/highly qualified employee/officer","Acer",1731.4245102224827,"Weekly","Entertainment","Produce.",5,"Beginner","No"
79574552,"Scott Allen","justin21@example.net",27,"Midsize-City",65944,"Management/self-employed/highly qualified employee/officer","Apple",1451.850121563361,"Daily","Entertainment","Laugh buy.",5,"Advanced","No"
24411004,"Darin Gallagher","rosechad@example.com",54,"Big City",234994,"Unemployed/Unskilled","Asus",1511.7020899016459,"Weekly","Work","Power suggest.",2,"Expert","Yes"
59267368,"Cassandra Fuentes","jenkinsjennifer@example.com",39,"Small City",37621,"Management/self-employed/highly qualified employee/officer","Lenovo",582.1828779886232,"Weekly","Entertainment","Ask before.",2,"Intermediate","Yes"
42104238,"Angel Lawrence","masonrobert@example.net",66,"Big City",110898,"Skilled Employee/official","HP",1002.2052421274317,"Rarely","Entertainment","Friend.",2,"Expert","No"
94061271,"Janet Pena","mariealexander@example.net",44,"Small City",36068,"Unemployed/Unskilled","Asus",303.1410777950261,"Daily","Work","Them.",5,"Intermediate","No"
70083984,"Heather White","kayla51@example.net",67,"Big City",263705,"Unemployed/Unskilled","Dell",1995.5910015892503,"Daily","Work","Word.",1,"Expert","Yes"
47749950,"Lauren Coleman","nicholas65@example.org",24,"Midsize-City",38019,"Skilled Employee/official","Apple",781.8846402627393,"Weekly","Work","Speak while.",2,"Intermediate","No"
95813880,"Shannon Leon","robertlarson@example.com",19,"Midsize-City",37386,"Skilled Employee/official","Acer",1206.1436577436234,"Rarely","Gaming","Let serve.",3,"Beginner","No"
32046578,"Michael Mcdonald","wesleyphillips@example.net",59,"Big City",51769,"Unemployed/Unskilled","Dell",1873.160276516036,"Weekly","Work","Possible.",4,"Intermediate","No"
98304165,"Kristie Esparza","huntbrandi@example.net",28,"Big City",297504,"Unemployed/Unskilled","Acer",517.6464026524312,"Weekly","Work","Student some.",1,"Expert","Yes"
92179325,"Megan Hughes","edward91@example.org",69,"Midsize-City",42669,"Unemployed/Unskilled","Asus",767.3503824457779,"Weekly","Entertainment","Movement commercial.",3,"Beginner","Yes"
91001822,"Dean Allison","brownalexandra@example.net",65,"Big City",294776,"Management/self-employed/highly qualified employee/officer","Acer",1849.602896999792,"Rarely","Gaming","Add.",5,"Expert","No"
57861749,"Dustin Harrison","amber04@example.net",41,"Big City",112977,"Skilled Employee/official","HP",966.1330664724634,"Daily","Work","Begin door.",5,"Expert","No"
21715111,"Charles Martinez","timothy18@example.org",48,"Big City",67042,"Unemployed/Unskilled","Asus",934.0601600571276,"Daily","Work","Our.",1,"Advanced","Yes"
55881283,"Kathryn Bray","acevedoandrea@example.net",24,"Midsize-City",47555,"Skilled Employee/official","Dell",1685.758755303136,"Rarely","Gaming","Become guess.",2,"Intermediate","Yes"
54663637,"Jonathan Wagner","lstewart@example.com",63,"Big City",208364,"Skilled Employee/official","Dell",587.3260689171027,"Rarely","Gaming","Movement opportunity.",4,"Expert","No"
76690578,"Thomas Leon Jr.","ahorn@example.net",29,"Midsize-City",48662,"Skilled Employee/official","Apple",1852.4607389820137,"Weekly","Gaming","Course.",2,"Beginner","Yes"
19720023,"Haley Jackson","rogersaustin@example.com",66,"Small City",43019,"Skilled Employee/official","Asus",1077.8582575106861,"Rarely","Gaming","Artist.",5,"Intermediate","No"
32262790,"Joshua Kennedy","johnmoore@example.net",42,"Big City",62343,"Management/self-employed/highly qualified employee/officer","HP",1014.5957384817433,"Daily","Entertainment","She Mr.",3,"Intermediate","Yes"
81528816,"Jon Palmer","smithsarah@example.org",60,"Small City",36774,"Skilled Employee/official","HP",769.3938686963156,"Weekly","Work","Right effort.",1,"Intermediate","No"
12829048,"Karen Farmer","joshua23@example.net",23,"Midsize-City",46226,"Skilled Employee/official","Dell",712.3762450286529,"Weekly","Gaming","Both assume.",4,"Intermediate","No"
32002449,"Jennifer Evans MD","vbrown@example.org",52,"Big City",52632,"Unemployed/Unskilled","Asus",1739.8451140241632,"Weekly","Work","Eat.",3,"Advanced","Yes"
74047903,"Jason Chen","zmartinez@example.net",54,"Midsize-City",60016,"Management/self-employed/highly qualified employee/officer","Apple",1452.7909304578186,"Daily","Entertainment","Whose condition.",2,"Advanced","Yes"
31785682,"Stacy Nguyen","larry25@example.com",20,"Small City",41068,"Unemployed/Unskilled","Asus",1642.811709692637,"Rarely","Gaming","Where consumer.",4,"Beginner","No"
13072798,"Dr. Timothy Clark DDS","daviscaleb@example.net",65,"Midsize-City",69684,"Skilled Employee/official","Apple",639.2091939740681,"Weekly","Gaming","Home shake.",3,"Intermediate","Yes"
37031458,"John Mullins","eolsen@example.org",58,"Midsize-City",58971,"Skilled Employee/official","HP",1489.4964603725202,"Weekly","Entertainment","Generation.",5,"Intermediate","No"
45079750,"Lawrence Anderson","melissa49@example.org",58,"Midsize-City",52035,"Management/self-employed/highly qualified employee/officer","Lenovo",1705.2196872658242,"Weekly","Work","Including recognize.",2,"Advanced","Yes"
84153114,"Wendy Vazquez","hshaffer@example.net",35,"Big City",117958,"Management/self-employed/highly qualified employee/officer","Dell",1267.941265082705,"Weekly","Entertainment","Number.",2,"Expert","No"
86745376,"George Lozano","ethan36@example.org",32,"Big City",190789,"Unemployed/Unskilled","Apple",392.9351660136427,"Weekly","Gaming","Whose.",2,"Advanced","No"
15877355,"Dr. Melissa Johnson","triciabailey@example.net",55,"Small City",37243,"Management/self-employed/highly qualified employee/officer","Acer",345.00969494090856,"Weekly","Work","Station.",4,"Beginner","No"
59898564,"William Martinez","meganherrera@example.com",29,"Midsize-City",61284,"Unemployed/Unskilled","Acer",438.11612034892016,"Weekly","Entertainment","Three.",4,"Advanced","No"
67456823,"Jennifer Warren","srodriguez@example.com",32,"Midsize-City",49737,"Management/self-employed/highly qualified employee/officer","Dell",563.4218654296808,"Rarely","Gaming","Education.",2,"Beginner","Yes"
39230825,"Luke Johnston","belinda70@example.com",39,"Small City",40065,"Unemployed/Unskilled","Apple",1008.5063536322499,"Daily","Entertainment","Increase since.",5,"Intermediate","No"
95155981,"Sergio Best","ambermiller@example.net",53,"Midsize-City",39345,"Unemployed/Unskilled","HP",596.9799134749954,"Weekly","Work","Blue present.",2,"Beginner","Yes"
22127365,"Sherry Richards","oliveramy@example.org",63,"Small City",43992,"Unemployed/Unskilled","HP",596.6315622293857,"Weekly","Gaming","Order.",4,"Intermediate","No"
15620385,"Jeffrey Williams","larsonwyatt@example.com",48,"Big City",196866,"Unemployed/Unskilled","Lenovo",634.8903742649345,"Rarely","Entertainment","Media.",5,"Advanced","No"
88575079,"Crystal Cox","emma81@example.com",41,"Midsize-City",56560,"Management/self-employed/highly qualified employee/officer","Acer",750.4179915957571,"Rarely","Gaming","Listen art.",5,"Intermediate","No"
66256337,"Pamela Thompson","ricegeorge@example.com",35,"Big City",57110,"Management/self-employed/highly qualified employee/officer","Acer",1333.6540594394166,"Rarely","Entertainment","Field.",5,"Intermediate","No"
98634314,"Kristin Moore","montgomeryalexander@example.com",32,"Midsize-City",63994,"Management/self-employed/highly qualified employee/officer","Acer",1649.1282267192908,"Daily","Work","Manager.",4,"Advanced","No"
55803107,"Michelle Patterson","emily30@example.net",33,"Midsize-City",42515,"Unemployed/Unskilled","Apple",317.8464066800453,"Weekly","Work","Consider arrive.",5,"Intermediate","No"
70065234,"Christopher Gardner","brad84@example.org",53,"Big City",148219,"Skilled Employee/official","Lenovo",803.7239547055942,"Weekly","Work","Much.",5,"Advanced","No"
58876342,"Joseph Watson","houstonmegan@example.org",18,"Small City",44020,"Unemployed/Unskilled","Dell",1712.9412622433285,"Daily","Entertainment","There turn.",1,"Beginner","Yes"
80844438,"Brian Fritz","orodriguez@example.org",62,"Big City",156397,"Skilled Employee/official","Lenovo",548.189709852765,"Daily","Work","Behavior east.",3,"Advanced","Yes"
25408352,"Latasha Ferguson","nelsonpatricia@example.org",49,"Big City",203833,"Skilled Employee/official","Asus",723.7923613545074,"Weekly","Work","Different energy.",2,"Expert","Yes"
79511715,"Pamela Jones","david55@example.com",27,"Small City",42850,"Management/self-employed/highly qualified employee/officer","Dell",569.8713114846767,"Weekly","Entertainment","Energy.",3,"Intermediate","Yes"
58409993,"Adam Clark","jamesgardner@example.org",57,"Big City",129296,"Management/self-employed/highly qualified employee/officer","HP",1147.0923249934876,"Weekly","Entertainment","Similar benefit.",1,"Expert","No"
63915334,"Sarah Mitchell","timothylopez@example.com",22,"Small City",49719,"Management/self-employed/highly qualified employee/officer","HP",1437.745834068727,"Weekly","Gaming","Reflect.",1,"Beginner","Yes"
60471508,"Kenneth Knight","ebony19@example.com",50,"Big City",50011,"Management/self-employed/highly qualified employee/officer","Lenovo",981.9777567263727,"Rarely","Entertainment","Probably board.",4,"Advanced","No"
12997057,"Laura Williams","tricia00@example.net",65,"Midsize-City",36311,"Management/self-employed/highly qualified employee/officer","Dell",817.2624750282896,"Rarely","Gaming","Contain.",2,"Beginner","No"
99119265,"Gail George","tiffanytorres@example.com",64,"Big City",52704,"Unemployed/Unskilled","HP",594.5721028695696,"Rarely","Gaming","Senior although.",3,"Intermediate","Yes"
83653521,"Marcus Burke","christinastephens@example.org",69,"Midsize-City",41451,"Unemployed/Unskilled","Acer",827.9036854402748,"Rarely","Entertainment","Writer society.",2,"Intermediate","No"
36146724,"David Payne","madisonjones@example.com",68,"Big City",177175,"Management/self-employed/highly qualified employee/officer","HP",929.8622122764378,"Weekly","Gaming","Trip.",1,"Expert","Yes"
17821666,"Matthew Bradford","valerie36@example.net",47,"Small City",40295,"Skilled Employee/official","Acer",1187.0728783935165,"Weekly","Work","Detail.",4,"Beginner","No"
98404035,"Melissa Simmons","paynemichael@example.org",24,"Big City",62739,"Unemployed/Unskilled","HP",974.0783484394138,"Daily","Entertainment","Space ability.",2,"Advanced","Yes"
10693709,"Eric Sandoval","julia34@example.com",48,"Big City",204897,"Management/self-employed/highly qualified employee/officer","Acer",877.3172453813243,"Weekly","Work","Season.",5,"Advanced","No"
39435068,"Robert Johnson","ramirezrandall@example.com",69,"Small City",41092,"Skilled Employee/official","Apple",1680.9825438884252,"Weekly","Gaming","Whether whether.",1,"Intermediate","Yes"
20820437,"John Marquez","leandrew@example.net",59,"Big City",123660,"Skilled Employee/official","Asus",1219.0236132234422,"Daily","Work","Back fast.",5,"Advanced","No"
10154904,"Brittany Watson","marshalljohn@example.org",64,"Midsize-City",41719,"Management/self-employed/highly qualified employee/officer","HP",924.1240980339874,"Daily","Work","Hard.",4,"Beginner","No"
67666654,"Judith Gonzalez","misty67@example.org",65,"Big City",191124,"Management/self-employed/highly qualified employee/officer","Dell",388.181008705274,"Weekly","Gaming","Republican cold.",3,"Advanced","Yes"
17276551,"Sean Roberson","fowlervictor@example.com",18,"Midsize-City",39546,"Management/self-employed/highly qualified employee/officer","Dell",1959.8534707533265,"Rarely","Entertainment","Sister day.",5,"Beginner","No"
93864563,"Andrew Thomas","aaron37@example.org",49,"Small City",49573,"Skilled Employee/official","Dell",788.7513927183635,"Rarely","Gaming","Western rate.",5,"Beginner","No"
70772601,"Jennifer Mahoney","angela39@example.org",50,"Midsize-City",51020,"Skilled Employee/official","HP",618.6378277814308,"Weekly","Work","Wrong forward.",3,"Advanced","Yes"
47366435,"Peter Tran","benjaminho@example.net",24,"Midsize-City",40008,"Skilled Employee/official","HP",415.9726292518424,"Rarely","Gaming","Party.",3,"Beginner","Yes"
62042389,"Douglas Hernandez","morriscarolyn@example.com",37,"Big City",57710,"Unemployed/Unskilled","Acer",1847.6449597926978,"Daily","Work","Far.",3,"Intermediate","Yes"
67022962,"Kimberly Wells","ashleymyers@example.org",26,"Midsize-City",43069,"Management/self-employed/highly qualified employee/officer","Apple",1279.7948645452793,"Daily","Work","Hit.",4,"Intermediate","No"
78081099,"Nicholas Sampson","douglashill@example.com",42,"Big City",138599,"Skilled Employee/official","Acer",1444.502191476331,"Weekly","Entertainment","Similar.",3,"Advanced","Yes"
54946690,"Vincent Robinson","vbush@example.net",67,"Small City",49970,"Unemployed/Unskilled","Lenovo",1618.0500035364444,"Weekly","Entertainment","Break design.",1,"Intermediate","Yes"
12699850,"Alyssa Harris","petersontravis@example.net",29,"Big City",134109,"Management/self-employed/highly qualified employee/officer","Lenovo",1334.48781902446,"Rarely","Gaming","Them style.",3,"Expert","No"
12788397,"Amber Bell","shellyholden@example.net",42,"Big City",108436,"Skilled Employee/official","Asus",563.1182150460772,"Weekly","Gaming","Claim his.",1,"Expert","No"
85527503,"John Mcintyre","john50@example.net",59,"Small City",38831,"Skilled Employee/official","HP",1291.7654387204486,"Rarely","Entertainment","Subject paper.",4,"Beginner","No"
87008516,"Lisa Griffith","nmiller@example.net",35,"Big City",242695,"Skilled Employee/official","Acer",1287.8705936828442,"Rarely","Entertainment","Traditional serve.",1,"Advanced","No"
77022427,"Billy Alvarado","thomasaustin@example.net",63,"Midsize-City",36691,"Management/self-employed/highly qualified employee/officer","Dell",1974.9681177364562,"Weekly","Entertainment","Practice choose.",1,"Beginner","No"
69865050,"Zoe Robertson","jeremiah12@example.org",70,"Big City",229375,"Unemployed/Unskilled","Asus",745.17713926286,"Rarely","Gaming","President.",3,"Advanced","No"
83512642,"Connie Gray","gcarr@example.org",52,"Small City",40682,"Unemployed/Unskilled","Asus",573.6841406189035,"Rarely","Entertainment","Bag.",1,"Intermediate","No"
93394588,"Beth Shea","ujenkins@example.org",63,"Big City",192611,"Unemployed/Unskilled","Apple",1363.1147589884456,"Daily","Entertainment","Former amount.",5,"Advanced","No"
57365466,"Mrs. Colleen Washington","georgeglover@example.org",36,"Midsize-City",77711,"Skilled Employee/official","Dell",1631.033804526063,"Weekly","Entertainment","Join.",1,"Advanced","No"
13089596,"Jorge Harper","christopher74@example.com",45,"Big City",149296,"Management/self-employed/highly qualified employee/officer","Lenovo",1405.9485320558854,"Rarely","Gaming","Source top.",3,"Advanced","No"
56167399,"Erin Cooper","gonzalessean@example.org",56,"Midsize-City",59611,"Management/self-employed/highly qualified employee/officer","Acer",672.2244387138832,"Weekly","Entertainment","Appear wear.",2,"Intermediate","Yes"
71341526,"James Hampton","xallen@example.net",46,"Midsize-City",62373,"Unemployed/Unskilled","Acer",1840.7944777368468,"Weekly","Entertainment","Suffer off.",2,"Advanced","No"
82250774,"Sean Townsend","hicksjacob@example.com",52,"Small City",36446,"Unemployed/Unskilled","Asus",759.3517238730502,"Rarely","Entertainment","National.",3,"Intermediate","Yes"
37442629,"Laura White","davidgriffin@example.com",57,"Big City",115488,"Skilled Employee/official","Dell",604.1291849455008,"Rarely","Entertainment","Outside.",1,"Advanced","No"
17148329,"Melissa Chandler","mross@example.net",33,"Big City",181940,"Management/self-employed/highly qualified employee/officer","Apple",1334.7583357576175,"Weekly","Gaming","Picture.",4,"Advanced","No"
78332103,"Alexandra Powell","ericbush@example.org",18,"Big City",250546,"Skilled Employee/official","Dell",1848.32767734526,"Rarely","Entertainment","Maintain.",5,"Expert","No"
99057010,"Brenda Moore","sking@example.net",25,"Big City",257951,"Management/self-employed/highly qualified employee/officer","Asus",1772.5652198003568,"Daily","Entertainment","Huge quite.",5,"Advanced","No"
81237509,"Kathryn Johnson","sprice@example.com",53,"Big City",51254,"Skilled Employee/official","Acer",737.9942796485025,"Weekly","Entertainment","Remain.",1,"Advanced","Yes"
13953010,"Donald Dunn","rachelarmstrong@example.com",51,"Midsize-City",56375,"Management/self-employed/highly qualified employee/officer","Apple",514.1460934228784,"Weekly","Work","Action.",2,"Advanced","Yes"
18827280,"Alexandria Porter","noahperry@example.com",51,"Small City",38950,"Skilled Employee/official","Dell",1860.4150457189269,"Daily","Work","Do account.",2,"Beginner","Yes"
95353725,"Joseph Payne","gary40@example.net",20,"Midsize-City",41742,"Unemployed/Unskilled","Apple",1858.846784821629,"Weekly","Entertainment","Prevent method.",5,"Beginner","No"
33627896,"Brian Diaz","timothy43@example.com",40,"Big City",177156,"Unemployed/Unskilled","Acer",413.4132310748579,"Weekly","Work","Play.",3,"Expert","No"
82451230,"Kayla Brown","scottrice@example.net",49,"Big City",185382,"Management/self-employed/highly qualified employee/officer","HP",854.426491499041,"Rarely","Gaming","Quite more.",4,"Advanced","No"
87638044,"Brian Lopez","mccoymichael@example.com",52,"Big City",221758,"Unemployed/Unskilled","Apple",580.3509260166365,"Daily","Entertainment","Wish computer.",1,"Advanced","Yes"
62541477,"Christian Koch","umiller@example.org",54,"Small City",43500,"Unemployed/Unskilled","Apple",1138.1212473910086,"Weekly","Entertainment","Address less.",1,"Beginner","No"
65766181,"Wendy Fields","brandoncarter@example.org",29,"Big City",151734,"Unemployed/Unskilled","Apple",391.43913495775695,"Rarely","Gaming","Break industry.",2,"Expert","No"
97873591,"Jason Mosley","vking@example.net",46,"Big City",65075,"Unemployed/Unskilled","Apple",562.7661436143369,"Weekly","Work","Child up.",2,"Advanced","Yes"
93375044,"Robin Gutierrez","michaelcherry@example.com",22,"Big City",182146,"Management/self-employed/highly qualified employee/officer","Asus",1522.185456588066,"Weekly","Work","Try far.",4,"Expert","No"
48873743,"Keith Weeks","timothy05@example.org",44,"Midsize-City",37983,"Unemployed/Unskilled","HP",1284.4335453780755,"Rarely","Gaming","Window brother.",4,"Intermediate","No"
12685595,"Timothy Carroll","scott46@example.org",19,"Big City",165315,"Unemployed/Unskilled","Lenovo",858.3406192488483,"Daily","Entertainment","He.",1,"Advanced","Yes"
43889893,"Zachary Brown PhD","jennifer05@example.com",32,"Big City",103848,"Skilled Employee/official","Apple",714.0208717181954,"Rarely","Gaming","Different mean.",3,"Advanced","No"
78946107,"Allison Waller","gregorywest@example.org",55,"Small City",38604,"Management/self-employed/highly qualified employee/officer","HP",614.2948451639004,"Daily","Work","Family.",1,"Intermediate","Yes"
31341423,"Richard Sutton","lauren40@example.net",50,"Big City",230335,"Unemployed/Unskilled","Dell",1060.0629289522735,"Rarely","Entertainment","Charge.",3,"Expert","No"
25439021,"Victoria Marsh","lopezchristy@example.com",56,"Big City",230005,"Unemployed/Unskilled","Lenovo",694.5832941229953,"Weekly","Work","State production.",4,"Advanced","No"
46377227,"John Martinez","angela14@example.org",26,"Big City",127624,"Skilled Employee/official","Apple",534.3122677322576,"Weekly","Gaming","When.",4,"Expert","No"
76832511,"Tyler Gamble","arellanoandre@example.com",24,"Big City",245304,"Skilled Employee/official","Apple",1579.8690613727595,"Daily","Entertainment","Yourself defense.",2,"Advanced","No"
82188804,"Dr. Grace Lee","conniesanders@example.com",51,"Midsize-City",60585,"Management/self-employed/highly qualified employee/officer","Dell",943.9498103012456,"Rarely","Gaming","Around.",4,"Intermediate","No"
48374033,"Vicki Gutierrez","gallegosmelissa@example.net",49,"Midsize-City",43820,"Management/self-employed/highly qualified employee/officer","Lenovo",779.2758593349536,"Weekly","Gaming","Pull.",3,"Intermediate","Yes"
34595962,"Zachary Murphy","patrickholmes@example.com",20,"Midsize-City",41157,"Management/self-employed/highly qualified employee/officer","Acer",1261.3555366857795,"Rarely","Entertainment","Future.",2,"Intermediate","Yes"
76684412,"Rhonda Ford","william32@example.net",60,"Midsize-City",43161,"Unemployed/Unskilled","Asus",1855.5863284953316,"Weekly","Gaming","Visit worker.",2,"Intermediate","No"
58923479,"Robert Freeman","lhill@example.org",54,"Midsize-City",40596,"Unemployed/Unskilled","Apple",381.4357319616342,"Daily","Entertainment","Suggest move.",1,"Beginner","Yes"
83734466,"Mitchell Gross","samantha05@example.com",60,"Small City",41223,"Unemployed/Unskilled","Dell",1035.775452573339,"Weekly","Work","Up hotel.",2,"Intermediate","No"
32027783,"Patricia Taylor","ashley14@example.com",61,"Big City",141480,"Management/self-employed/highly qualified employee/officer","Asus",1045.0178608642605,"Daily","Work","Send.",5,"Advanced","No"
96131942,"William Mccoy","tinagonzales@example.org",49,"Big City",67251,"Unemployed/Unskilled","Lenovo",1863.6482046291007,"Rarely","Entertainment","Training according.",1,"Intermediate","No"
94167384,"James Ballard","heathercompton@example.org",63,"Big City",66340,"Management/self-employed/highly qualified employee/officer","HP",1807.0069694169963,"Weekly","Gaming","Close.",3,"Intermediate","No"
84677134,"Megan Perry","gabrielle83@example.org",68,"Big City",68753,"Management/self-employed/highly qualified employee/officer","Asus",1521.1870998615577,"Weekly","Entertainment","Happy reason.",5,"Intermediate","No"
14946781,"Roberto Martinez","lambertscott@example.net",52,"Big City",63443,"Skilled Employee/official","Asus",1165.4437889257833,"Daily","Work","Perform.",2,"Intermediate","No"
76968377,"Melissa Owens","vbaker@example.com",37,"Small City",41999,"Unemployed/Unskilled","HP",1677.5016178452713,"Rarely","Gaming","Expert.",2,"Beginner","No"
93748606,"Valerie Berry","jamieshaw@example.net",46,"Big City",56067,"Management/self-employed/highly qualified employee/officer","Dell",469.48336860792625,"Daily","Entertainment","Six.",3,"Advanced","Yes"
69326451,"Todd Bright","joshua53@example.com",65,"Small City",40089,"Unemployed/Unskilled","Apple",435.0641254910857,"Daily","Work","Per.",5,"Intermediate","No"
33354189,"Donna Miranda","heidi56@example.org",66,"Big City",113196,"Unemployed/Unskilled","Dell",1140.9973378705276,"Daily","Work","Hold.",4,"Expert","No"
23930437,"Jacqueline Tucker","janet34@example.net",32,"Big City",160840,"Unemployed/Unskilled","Apple",1940.3022140960325,"Daily","Work","But best.",4,"Advanced","No"
97152470,"Erin Rogers","brandon29@example.com",29,"Big City",228536,"Unemployed/Unskilled","Asus",1148.4590403490429,"Weekly","Gaming","Enter start.",1,"Expert","Yes"
97861544,"Tiffany Day","hannah83@example.com",64,"Midsize-City",37117,"Management/self-employed/highly qualified employee/officer","Dell",1947.7987657781198,"Weekly","Gaming","Mean spend.",2,"Beginner","Yes"
82217996,"Christine French","brian03@example.org",33,"Big City",63962,"Skilled Employee/official","Apple",1618.6065938680408,"Weekly","Entertainment","Level experience.",4,"Intermediate","No"
49052619,"Robert Cisneros","george02@example.com",30,"Big City",284579,"Skilled Employee/official","Dell",1397.651277472329,"Weekly","Work","Interesting late.",4,"Expert","No"
10839288,"Michelle Jones","jparker@example.org",24,"Big City",129310,"Management/self-employed/highly qualified employee/officer","Apple",1058.279652066934,"Weekly","Entertainment","Risk instead.",2,"Advanced","No"
70622198,"Dominique Carney","michaelgomez@example.net",23,"Big City",228762,"Management/self-employed/highly qualified employee/officer","Apple",630.163236909317,"Weekly","Work","Decide.",3,"Advanced","No"
58136078,"Rebecca Chambers","tacevedo@example.net",35,"Small City",41800,"Skilled Employee/official","Dell",1958.8671424027025,"Rarely","Entertainment","Help.",5,"Intermediate","No"
34399294,"David Baker","taguilar@example.org",68,"Small City",36939,"Management/self-employed/highly qualified employee/officer","Lenovo",1512.5502374277453,"Daily","Entertainment","Health.",5,"Intermediate","No"
74145176,"Gabrielle Wood","wrussell@example.net",37,"Big City",172253,"Unemployed/Unskilled","Acer",1917.1316316398522,"Weekly","Gaming","Born scientist.",3,"Expert","Yes"
58394222,"Harold Torres","hoholly@example.com",45,"Small City",44953,"Skilled Employee/official","Apple",1839.865336594713,"Weekly","Gaming","Agree.",5,"Intermediate","No"
87338534,"Shannon Bell","bharrington@example.org",39,"Small City",38075,"Skilled Employee/official","Apple",1007.6227791448733,"Daily","Work","Difference.",1,"Beginner","Yes"
60512997,"Jermaine Contreras","sjohnson@example.org",54,"Small City",42329,"Management/self-employed/highly qualified employee/officer","HP",657.3583819634534,"Daily","Entertainment","Before tonight.",5,"Beginner","No"
41196739,"Vanessa Bennett","rose16@example.net",59,"Big City",247581,"Unemployed/Unskilled","Asus",1228.554820561154,"Rarely","Gaming","Wait.",5,"Advanced","No"
12802519,"Robin Noble","danielwalker@example.org",59,"Small City",37078,"Unemployed/Unskilled","Lenovo",1376.9467951697886,"Weekly","Work","Security prepare.",1,"Intermediate","Yes"
73034596,"Donald Sellers","jocelyn02@example.org",61,"Big City",58688,"Unemployed/Unskilled","Apple",818.8274214466611,"Weekly","Entertainment","Business.",1,"Advanced","Yes"
94256302,"Charlene Evans","alexanderjones@example.com",20,"Small City",39769,"Management/self-employed/highly qualified employee/officer","Lenovo",1344.6763013112288,"Daily","Work","Strategy serious.",3,"Intermediate","Yes"
76133456,"Nicole Barnes","kaitlyn65@example.net",23,"Big City",60735,"Unemployed/Unskilled","Acer",1707.2926972653106,"Weekly","Work","Job.",3,"Advanced","Yes"
31049945,"Angela Brooks","bmorrison@example.net",32,"Big City",194806,"Management/self-employed/highly qualified employee/officer","Dell",1373.5039414399234,"Rarely","Gaming","Very hour.",4,"Expert","No"
68471231,"Joel Burgess","egutierrez@example.com",35,"Midsize-City",41439,"Skilled Employee/official","HP",543.854883261069,"Weekly","Work","Available adult.",5,"Intermediate","No"
59761216,"Maurice Kramer","rachel20@example.net",59,"Small City",39399,"Skilled Employee/official","HP",1202.831535035018,"Daily","Work","Positive move.",1,"Intermediate","No"
42865264,"Kelly Mcpherson","stephaniephillips@example.org",48,"Big City",103167,"Management/self-employed/highly qualified employee/officer","Apple",1480.3586363156376,"Weekly","Gaming","Reality.",3,"Expert","Yes"
10872077,"Brianna Campbell","shawn23@example.net",50,"Big City",134026,"Unemployed/Unskilled","Acer",1903.832759286621,"Daily","Entertainment","Style.",5,"Advanced","No"
32635791,"Timothy Perez","steven75@example.net",65,"Small City",41402,"Skilled Employee/official","Dell",1046.3989761493954,"Weekly","Work","Moment.",1,"Beginner","No"
25030188,"Vanessa Knight","joshua35@example.net",53,"Small City",42653,"Management/self-employed/highly qualified employee/officer","Asus",1514.3678971891316,"Daily","Entertainment","Everything especially.",5,"Intermediate","No"
87493838,"Heather Evans","daniellehickman@example.net",52,"Big City",198083,"Unemployed/Unskilled","Lenovo",783.6867743012244,"Daily","Entertainment","Gun discussion.",5,"Expert","No"
39182371,"Sydney Craig","jeffreywebb@example.net",61,"Small City",49928,"Unemployed/Unskilled","Dell",1792.4848206590661,"Weekly","Work","Idea present.",3,"Beginner","No"
26443779,"Evan Santiago","zachary63@example.com",25,"Midsize-City",43091,"Skilled Employee/official","Apple",1303.8084840505285,"Weekly","Work","Finish.",5,"Beginner","No"
19093386,"Tina Ramirez","cgreene@example.org",34,"Big City",167423,"Skilled Employee/official","Apple",1615.6878738647922,"Daily","Work","North.",1,"Expert","No"
75431395,"Amber Hammond","jenkinsapril@example.net",49,"Small City",36590,"Management/self-employed/highly qualified employee/officer","Acer",1520.470040703177,"Weekly","Work","Spend.",4,"Beginner","No"
61588730,"Eric Douglas","vegajessica@example.org",47,"Midsize-City",42925,"Management/self-employed/highly qualified employee/officer","Dell",1144.4560206140857,"Rarely","Entertainment","House.",4,"Intermediate","No"
85059238,"Susan Martin","nancy07@example.net",27,"Small City",40202,"Management/self-employed/highly qualified employee/officer","Acer",453.9724114767464,"Rarely","Entertainment","Magazine.",5,"Intermediate","No"
78291765,"Anne Moody","robin07@example.com",52,"Midsize-City",57604,"Skilled Employee/official","Dell",1799.244631597536,"Daily","Entertainment","Value as.",4,"Advanced","No"
71177077,"Michael Campbell","teresawilliams@example.com",41,"Big City",65527,"Unemployed/Unskilled","Dell",478.40237826782686,"Daily","Work","Three.",5,"Intermediate","No"
56222582,"Jesse Daniel","dalton89@example.net",18,"Midsize-City",35814,"Management/self-employed/highly qualified employee/officer","Apple",1120.1993251416798,"Weekly","Gaming","Approach above.",2,"Intermediate","No"
73748206,"Amy Wyatt","newtonethan@example.org",26,"Midsize-City",50748,"Skilled Employee/official","Dell",1787.3018290048694,"Daily","Entertainment","Sea recent.",2,"Intermediate","No"
57088927,"Thomas Galloway","sdaniel@example.org",28,"Big City",145416,"Skilled Employee/official","Dell",1294.9292390841435,"Daily","Entertainment","Land rise.",4,"Expert","No"
17877527,"Kayla Howard","christine46@example.net",61,"Big City",269823,"Management/self-employed/highly qualified employee/officer","Lenovo",377.8926411851387,"Weekly","Gaming","Very able.",3,"Expert","Yes"
19398160,"Kevin Barton","bradleymalone@example.org",30,"Midsize-City",37199,"Management/self-employed/highly qualified employee/officer","Apple",684.950851139149,"Weekly","Work","Ten require.",4,"Intermediate","No"
14003663,"Ross Patterson","isabelbaker@example.com",30,"Midsize-City",65700,"Skilled Employee/official","Lenovo",983.0493557154259,"Rarely","Gaming","Type defense.",4,"Advanced","No"
50136382,"Timothy Whitaker","cwiley@example.org",63,"Big City",51272,"Skilled Employee/official","Lenovo",333.04920112546415,"Daily","Work","Pay.",2,"Intermediate","Yes"
91634605,"Michael Simmons","sandra68@example.net",31,"Small City",41710,"Unemployed/Unskilled","Apple",559.2227000728517,"Daily","Work","Father.",3,"Intermediate","Yes"
36146930,"Douglas White","btownsend@example.org",35,"Small City",36821,"Unemployed/Unskilled","HP",1456.6023970493393,"Weekly","Entertainment","Nothing show.",4,"Intermediate","No"
62288918,"Denise Gibbs","andrew34@example.org",21,"Big City",221726,"Skilled Employee/official","Asus",1375.3572632968187,"Rarely","Gaming","Tough result.",3,"Advanced","Yes"
34108921,"Brian Martinez","xbullock@example.com",56,"Small City",48149,"Unemployed/Unskilled","Acer",1807.3603185141162,"Rarely","Gaming","Magazine.",2,"Intermediate","Yes"
72274937,"Laurie Bass","vasquezamy@example.com",24,"Big City",69485,"Management/self-employed/highly qualified employee/officer","Lenovo",1685.1562932923582,"Weekly","Gaming","Nature.",4,"Advanced","No"
53766242,"Amy Willis","crystalross@example.org",61,"Midsize-City",41087,"Unemployed/Unskilled","Acer",1648.4369772656903,"Weekly","Gaming","Available want.",1,"Beginner","Yes"
26840968,"Brianna Garcia","umoss@example.org",24,"Midsize-City",50212,"Skilled Employee/official","Dell",1136.9690616507812,"Weekly","Work","North.",5,"Advanced","No"
45081016,"Robert Garcia","evan27@example.org",64,"Small City",46805,"Skilled Employee/official","Acer",1385.4805198597967,"Weekly","Gaming","Tell.",2,"Beginner","Yes"
71043792,"Michael Gonzalez","garcialinda@example.org",61,"Big City",64507,"Management/self-employed/highly qualified employee/officer","Acer",633.7210039837114,"Rarely","Entertainment","Become practice.",1,"Advanced","No"
59527915,"Paul Cook","lori00@example.org",57,"Big City",147877,"Unemployed/Unskilled","Asus",586.9850138482358,"Weekly","Work","Budget third.",4,"Advanced","No"
40660778,"Nathan Jones","lblanchard@example.net",32,"Big City",253679,"Management/self-employed/highly qualified employee/officer","Apple",456.36446111474174,"Daily","Work","Maybe.",5,"Advanced","No"
86602015,"Gloria Cohen","joshua45@example.net",25,"Midsize-City",85283,"Unemployed/Unskilled","Dell",1606.4832149209426,"Weekly","Work","Offer center.",3,"Intermediate","Yes"
48581134,"Brenda Cooper","lbaker@example.org",68,"Small City",36115,"Unemployed/Unskilled","Apple",709.4713429040636,"Rarely","Gaming","Field.",2,"Intermediate","No"
14507212,"Heather Gray","thomasmelton@example.net",19,"Big City",103310,"Skilled Employee/official","Acer",507.59717406793266,"Weekly","Entertainment","Themselves general.",5,"Expert","No"
33454301,"Michael Collins","xbailey@example.org",59,"Midsize-City",65681,"Skilled Employee/official","Apple",1779.9500713457107,"Rarely","Entertainment","Ball author.",5,"Advanced","No"
23506310,"Jeffrey Hernandez","ufrederick@example.net",39,"Small City",47541,"Skilled Employee/official","Apple",431.6734827511974,"Weekly","Gaming","Local.",5,"Intermediate","No"
15161276,"Christopher Houston","jamiewilliams@example.com",68,"Big City",52643,"Unemployed/Unskilled","Acer",1581.8830496279973,"Weekly","Work","Military.",4,"Advanced","No"
19552708,"Angel Carroll","wanda50@example.org",42,"Midsize-City",43795,"Unemployed/Unskilled","Dell",1089.7973290121136,"Daily","Entertainment","Third.",4,"Beginner","No"
59292037,"Matthew Webster","debrashepard@example.org",41,"Small City",36960,"Skilled Employee/official","Dell",411.2084132537799,"Daily","Entertainment","Structure kind.",4,"Intermediate","No"
24590761,"Mary Shaw","rhondajackson@example.com",19,"Midsize-City",57636,"Skilled Employee/official","Acer",1405.826590430384,"Daily","Work","Also.",3,"Advanced","Yes"
63780402,"Joshua Baker","davenportmarissa@example.org",36,"Big City",61300,"Unemployed/Unskilled","Acer",1578.8164232562838,"Rarely","Gaming","During.",2,"Advanced","Yes"
74365529,"Jessica Estrada","nicholashart@example.com",52,"Midsize-City",50523,"Management/self-employed/highly qualified employee/officer","Dell",540.4146582887693,"Rarely","Gaming","Ahead.",3,"Intermediate","Yes"
71273209,"Lindsey Hogan","escobarmichael@example.com",68,"Midsize-City",63878,"Skilled Employee/official","Lenovo",465.85342462919994,"Weekly","Work","Group.",5,"Intermediate","No"
59986378,"Kevin Williams","scott37@example.org",62,"Small City",44389,"Management/self-employed/highly qualified employee/officer","Dell",1338.4271674272336,"Weekly","Work","Ground Republican.",4,"Intermediate","No"
15275988,"Adam Davis","wangmalik@example.net",46,"Big City",55694,"Unemployed/Unskilled","Lenovo",1286.9575048374518,"Weekly","Work","View.",4,"Intermediate","No"
72336623,"Christian Bartlett","karadaniels@example.com",55,"Small City",36845,"Unemployed/Unskilled","HP",1786.2689527468528,"Daily","Work","Development audience.",4,"Intermediate","No"
41301348,"Chad Cain","vmckenzie@example.net",62,"Midsize-City",44197,"Skilled Employee/official","Dell",1605.637336257602,"Daily","Entertainment","Force bit.",1,"Intermediate","No"
15559533,"Sharon Jones","alexis82@example.org",46,"Big City",176148,"Unemployed/Unskilled","Dell",382.7507609518657,"Weekly","Entertainment","Glass trial.",4,"Expert","No"
15875363,"Natalie Clark","michael33@example.net",36,"Big City",160827,"Unemployed/Unskilled","Asus",1336.0035815465926,"Weekly","Gaming","Forget true.",5,"Expert","No"
83295870,"John Moore","eroberts@example.com",25,"Big City",264803,"Unemployed/Unskilled","HP",1532.6426134741143,"Daily","Entertainment","Same employee.",2,"Advanced","Yes"
60869390,"Dawn Murray","jamescompton@example.net",36,"Big City",144115,"Skilled Employee/official","Apple",620.8946106494557,"Weekly","Gaming","Identify.",3,"Expert","Yes"
20532298,"Shane Koch","jeffrey25@example.org",27,"Small City",44836,"Unemployed/Unskilled","Asus",1616.0020687483905,"Weekly","Work","Church thought.",2,"Intermediate","Yes"
66964193,"Nathan Benson","victoriahall@example.com",69,"Midsize-City",56726,"Unemployed/Unskilled","Acer",1616.635617485177,"Daily","Work","Per those.",2,"Advanced","No"
40501238,"Patricia Campos","lauracarter@example.net",68,"Midsize-City",41742,"Skilled Employee/official","Dell",1941.5936462567684,"Weekly","Work","After now.",1,"Beginner","Yes"
85841113,"Spencer Kaufman","oroberson@example.org",63,"Midsize-City",39773,"Management/self-employed/highly qualified employee/officer","HP",484.35494968045055,"Daily","Entertainment","Once.",1,"Intermediate","Yes"
33723609,"Elizabeth Harris","woodjerome@example.com",67,"Midsize-City",67621,"Unemployed/Unskilled","Asus",656.8778481396909,"Weekly","Work","Car.",1,"Intermediate","No"
78055064,"Pamela Lawrence","alijames@example.net",21,"Small City",40981,"Skilled Employee/official","Apple",1696.123377149308,"Rarely","Gaming","Significant.",5,"Intermediate","No"
40081794,"Ryan Davies","walkertimothy@example.net",56,"Small City",36368,"Unemployed/Unskilled","Apple",1207.6373244663125,"Weekly","Work","Wide.",4,"Beginner","No"
57955482,"Megan Moore","kramercarl@example.org",52,"Small City",42086,"Management/self-employed/highly qualified employee/officer","Apple",1393.6335174880624,"Daily","Entertainment","Campaign throw.",1,"Beginner","Yes"
79975561,"Steven Mitchell","heatherrowe@example.net",31,"Midsize-City",41790,"Skilled Employee/official","Dell",1092.124769028024,"Weekly","Gaming","As.",5,"Beginner","No"
15956261,"Micheal Thomas","jennifertran@example.org",64,"Small City",40480,"Skilled Employee/official","Lenovo",1639.8785253845904,"Weekly","Gaming","Case section.",4,"Beginner","No"
69250493,"Michael Carr","erin40@example.net",59,"Big City",211760,"Skilled Employee/official","Apple",329.41930805714946,"Daily","Work","Great mean.",3,"Expert","No"
58860050,"Victoria Cooper","garymahoney@example.org",24,"Midsize-City",37684,"Management/self-employed/highly qualified employee/officer","Apple",678.1706363886009,"Rarely","Entertainment","Structure upon.",4,"Beginner","No"
62073018,"Jaime Griffin","apope@example.org",26,"Midsize-City",37075,"Skilled Employee/official","Asus",1876.0737918051273,"Weekly","Work","Call charge.",4,"Beginner","No"
41748521,"Anita Jenkins","rmartin@example.net",56,"Big City",287247,"Management/self-employed/highly qualified employee/officer","Dell",1808.9182827322209,"Rarely","Gaming","Machine back.",1,"Advanced","No"
38432670,"Gregory Davis","acummings@example.com",45,"Midsize-City",50602,"Management/self-employed/highly qualified employee/officer","Asus",1435.3896396970008,"Daily","Work","Field.",1,"Advanced","Yes"
87026285,"Melissa Hall","smithdavid@example.com",35,"Small City",36403,"Management/self-employed/highly qualified employee/officer","Asus",316.1276078059629,"Weekly","Entertainment","Hundred animal.",5,"Beginner","No"
89732765,"Daniel Sullivan","walter14@example.com",30,"Big City",55063,"Management/self-employed/highly qualified employee/officer","Apple",661.1423843052703,"Rarely","Entertainment","Support ok.",4,"Advanced","No"
50079399,"Mark Wheeler","macdonaldbarbara@example.net",23,"Small City",48213,"Unemployed/Unskilled","Lenovo",1834.0592450180707,"Weekly","Gaming","Play surface.",3,"Beginner","No"
90695562,"Pamela Lewis","mary36@example.net",68,"Midsize-City",46710,"Unemployed/Unskilled","Acer",586.0626145955298,"Rarely","Entertainment","Usually PM.",4,"Beginner","No"
99159603,"Jody Nielsen","donaldanderson@example.com",36,"Big City",228635,"Management/self-employed/highly qualified employee/officer","Apple",670.8383234360308,"Rarely","Gaming","At.",3,"Advanced","No"
22460770,"Emily Hernandez","natasha47@example.net",33,"Midsize-City",42375,"Skilled Employee/official","Lenovo",933.0167372246237,"Weekly","Gaming","Fight.",2,"Beginner","Yes"
39581071,"Cory Cooper","mark54@example.org",42,"Big City",226215,"Management/self-employed/highly qualified employee/officer","Lenovo",1174.4382022892978,"Weekly","Entertainment","Hospital left.",2,"Expert","No"
60449848,"Sarah Hess","bryantsheri@example.org",41,"Midsize-City",38395,"Unemployed/Unskilled","Asus",1219.9878246538851,"Rarely","Gaming","Laugh.",2,"Intermediate","No"
27112988,"Jennifer Roach","lindsey08@example.com",33,"Small City",35791,"Skilled Employee/official","HP",395.3150806690575,"Rarely","Gaming","Prevent along.",2,"Beginner","Yes"
20160195,"Christopher Wilson","tboyd@example.org",20,"Midsize-City",83475,"Management/self-employed/highly qualified employee/officer","Lenovo",1645.6225112586253,"Weekly","Entertainment","Officer letter.",2,"Intermediate","No"
19996174,"Greg Hoover","johnsonjeremy@example.com",59,"Midsize-City",38884,"Management/self-employed/highly qualified employee/officer","HP",574.9627095748724,"Weekly","Work","Seem.",3,"Beginner","No"
39294534,"Christina Green","teresa56@example.org",42,"Midsize-City",44786,"Unemployed/Unskilled","Acer",1330.3571494471262,"Rarely","Gaming","Might fish.",4,"Intermediate","No"
80657963,"Dr. Patrick Davidson","newmankrystal@example.com",25,"Big City",199942,"Management/self-employed/highly qualified employee/officer","Apple",1694.6991206898408,"Daily","Work","Now huge.",1,"Advanced","Yes"
96290683,"Cynthia Johnston","allison97@example.com",58,"Big City",67136,"Skilled Employee/official","HP",682.9934005179548,"Rarely","Entertainment","Themselves human.",2,"Intermediate","No"
46951468,"Ernest Johnson","kimangela@example.net",44,"Big City",177803,"Unemployed/Unskilled","Lenovo",1976.825813057702,"Weekly","Work","My.",2,"Advanced","Yes"
95033638,"Carl Booth","tonytucker@example.com",59,"Midsize-City",49965,"Unemployed/Unskilled","Acer",829.3017988166276,"Weekly","Gaming","Two.",4,"Beginner","No"
95664579,"Michael Ward","vnorman@example.com",36,"Midsize-City",42366,"Unemployed/Unskilled","Dell",1978.0317188687172,"Weekly","Work","Investment national.",3,"Intermediate","No"
47573121,"Douglas Ortiz","amanda25@example.net",21,"Midsize-City",40379,"Management/self-employed/highly qualified employee/officer","HP",583.6885087098717,"Daily","Work","Film.",3,"Intermediate","No"
70964406,"Victoria Nguyen","robinsonnicholas@example.net",23,"Big City",62667,"Management/self-employed/highly qualified employee/officer","Asus",1675.9636169390799,"Weekly","Work","Sign.",3,"Advanced","Yes"
14500215,"Chris Fitzpatrick","benjaminchapman@example.net",61,"Big City",50086,"Unemployed/Unskilled","Apple",1936.7461081350964,"Daily","Work","Laugh.",2,"Intermediate","Yes"
60647364,"Terry Jones","hbarker@example.com",68,"Midsize-City",49204,"Skilled Employee/official","Dell",1363.5623231320435,"Daily","Entertainment","Sense example.",2,"Intermediate","Yes"
24033949,"Zachary Reed","whitesara@example.com",62,"Small City",38687,"Skilled Employee/official","Asus",1957.7895392721784,"Weekly","Work","Physical theory.",1,"Beginner","No"
84955314,"Claire White","boyerjack@example.net",49,"Midsize-City",38819,"Management/self-employed/highly qualified employee/officer","Lenovo",803.5131617957977,"Daily","Work","Floor something.",2,"Beginner","No"
13173180,"Nicole West","jessica22@example.com",21,"Midsize-City",44164,"Unemployed/Unskilled","Acer",1141.0312113176255,"Weekly","Gaming","Although speak.",3,"Intermediate","No"
18308617,"Justin Perry MD","duransamantha@example.net",66,"Big City",54832,"Management/self-employed/highly qualified employee/officer","Apple",1213.4473164605183,"Rarely","Gaming","Ten.",4,"Advanced","No"
97190029,"Spencer Curry","moraleseric@example.org",59,"Big City",147702,"Unemployed/Unskilled","Asus",1986.4912391669332,"Weekly","Gaming","Institution produce.",3,"Expert","No"
83788734,"Alexandra Gray","dchristensen@example.net",18,"Big City",292593,"Management/self-employed/highly qualified employee/officer","Apple",950.9295561707611,"Rarely","Entertainment","Tv writer.",1,"Advanced","No"
39659053,"William Roman","frobinson@example.org",29,"Small City",40003,"Unemployed/Unskilled","Asus",903.535725460965,"Weekly","Work","By even.",4,"Intermediate","No"
71696244,"Melissa Johnson MD","nancypacheco@example.net",38,"Small City",47907,"Unemployed/Unskilled","Acer",788.9743135119083,"Daily","Entertainment","Environment cultural.",4,"Intermediate","No"
29629456,"Jeremiah Peters","ellisvalerie@example.com",44,"Big City",125804,"Skilled Employee/official","Asus",630.7597402797433,"Daily","Entertainment","Notice.",1,"Expert","Yes"
24397206,"Denise Lawrence","bradydiane@example.org",43,"Big City",65367,"Management/self-employed/highly qualified employee/officer","Acer",316.41243462947125,"Daily","Work","News piece.",2,"Intermediate","No"
20067021,"Brianna Hubbard","gina94@example.net",69,"Small City",40404,"Management/self-employed/highly qualified employee/officer","Acer",1038.2191325474573,"Rarely","Gaming","Bring.",1,"Beginner","Yes"
74466699,"Timothy Jackson","josephjuan@example.com",43,"Big City",268683,"Unemployed/Unskilled","Dell",1508.3015959203944,"Rarely","Entertainment","Fine.",5,"Advanced","No"
30006205,"Casey Perez","lambjohn@example.com",25,"Midsize-City",51650,"Unemployed/Unskilled","Apple",992.7025574159442,"Weekly","Work","Hotel assume.",5,"Advanced","No"
81044820,"Derek Ramsey","haley43@example.net",40,"Big City",229745,"Skilled Employee/official","Lenovo",1471.51586646113,"Rarely","Entertainment","Last herself.",4,"Advanced","No"
43424208,"Christina Mccullough","jessica79@example.net",25,"Midsize-City",35533,"Management/self-employed/highly qualified employee/officer","Apple",526.3300126700913,"Weekly","Work","Color apply.",2,"Intermediate","Yes"
83750449,"Vicki Lane","tcoleman@example.com",56,"Small City",49999,"Management/self-employed/highly qualified employee/officer","Dell",1642.2176351432686,"Rarely","Gaming","Special artist.",4,"Beginner","No"
91056405,"Jessica Wolf","carloshowell@example.net",22,"Big City",175729,"Skilled Employee/official","Acer",1180.3820062821137,"Daily","Work","Church family.",3,"Expert","Yes"
27186416,"Christopher Hopkins","pjones@example.net",55,"Big City",247242,"Management/self-employed/highly qualified employee/officer","Apple",930.7061044665794,"Daily","Entertainment","Time.",2,"Advanced","No"
76759034,"Nicholas Garcia","robertfuentes@example.org",30,"Big City",282240,"Management/self-employed/highly qualified employee/officer","Lenovo",1972.6235959666797,"Rarely","Entertainment","Expert.",1,"Advanced","No"
92699772,"Aaron Hanson","mclaughlinpamela@example.net",66,"Big City",148143,"Unemployed/Unskilled","Acer",1801.368319958813,"Weekly","Gaming","Hard quite.",4,"Advanced","No"
72218202,"Jennifer Williams","youngchristine@example.com",51,"Midsize-City",67435,"Unemployed/Unskilled","Asus",507.3299509125237,"Daily","Work","Relationship.",2,"Intermediate","No"
47831614,"Crystal Carr","houstondakota@example.com",69,"Big City",181167,"Management/self-employed/highly qualified employee/officer","HP",763.4192508893941,"Daily","Work","Response.",5,"Expert","No"
80520560,"Steven Richards","martinezantonio@example.org",69,"Small City",42184,"Skilled Employee/official","Apple",1840.0437404830539,"Weekly","Work","Born huge.",1,"Beginner","No"
76033697,"Michele Pham","marvinpena@example.com",48,"Big City",61948,"Skilled Employee/official","Apple",1511.0253009035348,"Daily","Work","Foreign.",5,"Advanced","No"
65563987,"Russell Coleman","ldixon@example.org",62,"Midsize-City",43421,"Skilled Employee/official","Dell",617.8247667889834,"Weekly","Work","Responsibility.",3,"Beginner","No"
28727280,"Diana Martin","jill52@example.com",37,"Big City",149914,"Management/self-employed/highly qualified employee/officer","Dell",1843.906449922219,"Weekly","Gaming","Physical.",2,"Advanced","No"
55919054,"Jessica Santana","cperez@example.net",21,"Big City",295252,"Skilled Employee/official","Lenovo",552.8287297965127,"Daily","Entertainment","Thus.",5,"Expert","No"
13880903,"Lisa Lyons","marywilliams@example.org",41,"Midsize-City",44709,"Management/self-employed/highly qualified employee/officer","Dell",794.9507443926607,"Daily","Entertainment","Scientist just.",4,"Intermediate","No"
49610588,"Hannah Smith","pspencer@example.net",59,"Small City",43574,"Skilled Employee/official","Dell",722.2063139744882,"Weekly","Entertainment","Sister fire.",2,"Intermediate","No"
14836128,"Mary Donaldson","amartinez@example.com",47,"Big City",264055,"Skilled Employee/official","Apple",1023.6551077446844,"Rarely","Entertainment","Plan.",1,"Advanced","No"
62752565,"Heidi Gordon","jeffreygraves@example.org",67,"Small City",37448,"Skilled Employee/official","Lenovo",649.2554760910714,"Weekly","Work","Attention.",5,"Beginner","No"
58276581,"Evan Crawford","ajordan@example.com",21,"Small City",41116,"Unemployed/Unskilled","Acer",1057.929580651441,"Weekly","Work","Show how.",4,"Beginner","No"
37402581,"Jonathan Clayton","kendrawebb@example.net",22,"Big City",221562,"Unemployed/Unskilled","Lenovo",1728.8476932950807,"Weekly","Work","Already event.",3,"Expert","Yes"
66124621,"David Gardner","jennifer91@example.com",29,"Big City",55950,"Unemployed/Unskilled","Acer",910.7651857254449,"Weekly","Gaming","Hospital name.",1,"Advanced","No"
26073426,"Gerald Price","omullins@example.net",50,"Small City",40535,"Management/self-employed/highly qualified employee/officer","Lenovo",1319.8080571241428,"Weekly","Gaming","Hotel deal.",5,"Beginner","No"
33374655,"Kelly Coleman","sarahritter@example.com",20,"Big City",159362,"Unemployed/Unskilled","Dell",1750.5662791181676,"Rarely","Gaming","Officer.",3,"Advanced","Yes"
54727459,"Theodore Rodgers","vvaldez@example.com",20,"Big City",174432,"Skilled Employee/official","Asus",580.2430737067147,"Weekly","Work","In number.",2,"Advanced","No"
52629500,"Katelyn Johnson","danielle95@example.net",48,"Small City",35911,"Management/self-employed/highly qualified employee/officer","Asus",399.0299006660673,"Rarely","Gaming","Remember expert.",1,"Beginner","No"
70229095,"Justin Valdez","snydermary@example.org",30,"Midsize-City",64481,"Management/self-employed/highly qualified employee/officer","Lenovo",683.9202757843933,"Daily","Work","Go amount.",4,"Advanced","No"
38936226,"Mrs. Tiffany Porter MD","dustin46@example.org",45,"Big City",64873,"Management/self-employed/highly qualified employee/officer","HP",1120.5787223890911,"Weekly","Work","Trouble.",3,"Advanced","Yes"
62734566,"Sarah Berry","frank27@example.net",32,"Big City",169107,"Skilled Employee/official","Asus",650.5655062796493,"Weekly","Entertainment","Where recognize.",4,"Expert","No"
44439717,"Chad Thomas","jclark@example.net",62,"Small City",35956,"Management/self-employed/highly qualified employee/officer","Lenovo",1893.9334820736979,"Rarely","Gaming","Than camera.",2,"Beginner","Yes"
14107652,"Brian Bradley","howardrobert@example.org",31,"Midsize-City",40227,"Unemployed/Unskilled","HP",1686.7771224510636,"Daily","Entertainment","Party pay.",3,"Beginner","Yes"
34232807,"Andrea Burns","rodney63@example.net",62,"Big City",135701,"Management/self-employed/highly qualified employee/officer","Apple",526.1174858253788,"Rarely","Entertainment","Network.",3,"Advanced","Yes"
61078668,"Julie Brown","marthabentley@example.net",45,"Midsize-City",58637,"Skilled Employee/official","Asus",1607.9173160803145,"Weekly","Entertainment","Scene.",2,"Intermediate","No"
75351472,"Grant Parker","xlee@example.org",57,"Big City",173485,"Unemployed/Unskilled","Dell",1105.3272105205333,"Weekly","Gaming","Social.",1,"Expert","No"
15699605,"Emily Mccarthy","xthomas@example.net",18,"Big City",66057,"Unemployed/Unskilled","Asus",952.8376533961434,"Daily","Entertainment","Nothing.",2,"Intermediate","No"
76529364,"Donna Johnson MD","kstewart@example.com",23,"Big City",172874,"Unemployed/Unskilled","HP",574.7256149618192,"Daily","Work","Develop.",1,"Advanced","Yes"
93614787,"Kaylee Rogers","patrick11@example.com",48,"Big City",131762,"Management/self-employed/highly qualified employee/officer","Dell",1026.2409152479936,"Weekly","Work","Exactly court.",4,"Expert","No"
81841739,"April Reese","rhouse@example.com",35,"Midsize-City",50092,"Unemployed/Unskilled","HP",909.806008185546,"Rarely","Gaming","Security born.",2,"Advanced","No"
56368363,"Monique Hernandez","smithjames@example.net",70,"Midsize-City",49998,"Management/self-employed/highly qualified employee/officer","Asus",1054.1680004142027,"Weekly","Work","Family head.",2,"Beginner","No"
61504071,"John Cole","thomasdawn@example.net",61,"Midsize-City",35977,"Unemployed/Unskilled","Asus",1080.6865876978177,"Rarely","Gaming","Anything hand.",5,"Intermediate","No"
84862914,"Paula Blair","ahall@example.net",27,"Midsize-City",76157,"Management/self-employed/highly qualified employee/officer","HP",884.1981900492276,"Weekly","Work","Yard discuss.",1,"Advanced","Yes"
99597591,"Luis James","jessica29@example.org",49,"Small City",40653,"Skilled Employee/official","Dell",758.1826056018817,"Weekly","Entertainment","Success national.",4,"Beginner","No"
73827076,"Jose Cardenas","brooksalexandra@example.com",33,"Midsize-City",54072,"Skilled Employee/official","Apple",1289.4941306684402,"Weekly","Work","Least.",2,"Advanced","No"
49100940,"Amy Kramer","joshua49@example.com",66,"Midsize-City",41479,"Unemployed/Unskilled","Acer",343.4622779332641,"Rarely","Gaming","Myself.",5,"Beginner","No"
81986222,"Olivia Rhodes","kroy@example.net",48,"Midsize-City",59151,"Management/self-employed/highly qualified employee/officer","Dell",1890.3596286125671,"Rarely","Entertainment","Tell especially.",4,"Advanced","No"
25382981,"Alan Lowe","qsmith@example.net",39,"Big City",231138,"Skilled Employee/official","Dell",1087.3959585937891,"Weekly","Entertainment","Others.",5,"Expert","No"
42758329,"Michael Morgan","hillbrian@example.net",65,"Midsize-City",57808,"Unemployed/Unskilled","Lenovo",571.5981162709029,"Rarely","Entertainment","Right table.",4,"Intermediate","No"
95433179,"Tim Wilson","sheltonkristen@example.com",53,"Midsize-City",35017,"Unemployed/Unskilled","HP",464.9742189625099,"Daily","Work","White.",4,"Beginner","No"
70791505,"John Wood","ygilbert@example.net",22,"Big City",107153,"Unemployed/Unskilled","Lenovo",1848.5499641909312,"Weekly","Entertainment","Father.",5,"Expert","No"
11007643,"Michael Smith","gardnermatthew@example.net",32,"Small City",36792,"Skilled Employee/official","Asus",1315.393282378335,"Weekly","Entertainment","Suffer.",4,"Beginner","No"
74428631,"Andrew Howard","sarah51@example.org",35,"Big City",183249,"Unemployed/Unskilled","Dell",318.19092668719435,"Weekly","Entertainment","Condition.",2,"Expert","Yes"
25864799,"Colin Nguyen","john21@example.com",61,"Midsize-City",53031,"Skilled Employee/official","Acer",1869.2104426803792,"Weekly","Entertainment","Feel whose.",4,"Intermediate","No"
72868739,"Jeremy Walker","wrightruben@example.net",51,"Big City",102583,"Management/self-employed/highly qualified employee/officer","Dell",712.4112219914647,"Weekly","Work","Mission section.",2,"Advanced","No"
28137256,"Dominic Alexander","randall77@example.org",55,"Big City",65762,"Management/self-employed/highly qualified employee/officer","Dell",350.72696036796924,"Weekly","Work","Red large.",2,"Advanced","Yes"
99090864,"Whitney Perez","herrerachristopher@example.org",37,"Midsize-City",35030,"Unemployed/Unskilled","Apple",1060.5658284639985,"Rarely","Gaming","Education prevent.",3,"Intermediate","Yes"
32390669,"Melissa Carrillo","stevenparsons@example.org",19,"Midsize-City",36130,"Unemployed/Unskilled","Acer",1719.8564944054272,"Weekly","Work","Significant military.",2,"Beginner","Yes"
30613386,"Sandra Ramirez","bcontreras@example.org",54,"Big City",182276,"Skilled Employee/official","Dell",529.3983365938383,"Weekly","Gaming","Four guess.",5,"Advanced","No"
84068760,"Paul Parker","bradfordjeremiah@example.net",30,"Small City",42769,"Skilled Employee/official","Apple",345.99863076988083,"Weekly","Entertainment","High.",2,"Intermediate","No"
14092940,"William Smith","fhowe@example.com",67,"Big City",56741,"Skilled Employee/official","Dell",1109.7744450274413,"Daily","Work","Good too.",3,"Intermediate","Yes"
98471270,"Allen Ortiz","victoria63@example.org",64,"Small City",37684,"Unemployed/Unskilled","Apple",653.2775485252162,"Rarely","Gaming","College.",3,"Beginner","Yes"
89533001,"John Jordan","charles01@example.net",47,"Big City",164557,"Management/self-employed/highly qualified employee/officer","Acer",1853.8003685321762,"Rarely","Entertainment","Capital difficult.",5,"Advanced","No"
18436935,"Amanda Chan","kimberlychang@example.net",42,"Small City",42034,"Skilled Employee/official","Apple",706.3159747511668,"Daily","Work","While nor.",4,"Intermediate","No"
71652835,"Tamara Bell","eric46@example.org",27,"Small City",41888,"Skilled Employee/official","HP",1715.9333530939525,"Daily","Work","Present stock.",1,"Beginner","Yes"
33129415,"Dean Porter","jessica14@example.net",20,"Midsize-City",36210,"Unemployed/Unskilled","Apple",1245.3442094633642,"Daily","Entertainment","Both.",4,"Intermediate","No"
17879325,"Samantha Weaver","perkinsmelinda@example.com",19,"Midsize-City",41619,"Management/self-employed/highly qualified employee/officer","Acer",796.6124711039699,"Weekly","Work","Make.",5,"Beginner","No"
10495868,"Victor Scott","karen20@example.org",23,"Small City",36938,"Unemployed/Unskilled","Dell",1646.4659183552324,"Daily","Work","Stuff eight.",1,"Intermediate","No"
69592549,"Maria Santiago","nicholas69@example.net",53,"Big City",69079,"Management/self-employed/highly qualified employee/officer","Lenovo",1983.328555539925,"Weekly","Work","Late several.",3,"Intermediate","No"
82581403,"Molly Castillo","lorraineglover@example.com",60,"Midsize-City",39295,"Unemployed/Unskilled","Dell",1287.1527443745285,"Rarely","Gaming","Tell international.",3,"Intermediate","Yes"
73057523,"Kyle Hawkins","mitchell79@example.com",62,"Big City",232972,"Unemployed/Unskilled","Apple",927.0849767875221,"Rarely","Gaming","Law attention.",5,"Advanced","No"
63427423,"Molly Marquez","klittle@example.org",24,"Big City",161523,"Skilled Employee/official","Asus",513.2897038974802,"Daily","Entertainment","Learn.",3,"Expert","No"
27142527,"Paul Brewer","staciehenderson@example.org",50,"Big City",284413,"Skilled Employee/official","HP",1332.8978064008024,"Rarely","Gaming","Little after.",4,"Advanced","No"
45847953,"Patricia Ryan","nsmith@example.com",65,"Big City",179001,"Management/self-employed/highly qualified employee/officer","Acer",1335.6903681196518,"Weekly","Work","Factor.",2,"Advanced","Yes"
17231385,"Eric Lin","bowmantara@example.org",29,"Big City",111139,"Unemployed/Unskilled","Asus",1040.7048124886528,"Weekly","Work","Whom.",4,"Expert","No"
87506814,"Holly Gillespie","tdennis@example.org",52,"Midsize-City",39060,"Skilled Employee/official","Apple",1892.8177770567636,"Rarely","Gaming","Although.",5,"Beginner","No"
32468121,"Erin Moore","johnnelson@example.org",60,"Small City",39927,"Unemployed/Unskilled","Apple",998.5857156785466,"Weekly","Gaming","Under.",5,"Beginner","No"
21843545,"Jeffrey Matthews","dannywilliams@example.com",36,"Midsize-City",51575,"Skilled Employee/official","Asus",1415.3637004407663,"Weekly","Work","Dream option.",5,"Advanced","No"
40810873,"Terry Smith","amberrowland@example.com",42,"Small City",40268,"Management/self-employed/highly qualified employee/officer","Apple",867.872418891044,"Daily","Entertainment","Newspaper.",2,"Beginner","Yes"
21337174,"Felicia Olsen","matthewmcconnell@example.com",65,"Small City",38077,"Unemployed/Unskilled","Lenovo",328.3292487776551,"Daily","Work","Open.",5,"Beginner","No"
22388097,"Samantha Clarke","emoody@example.net",31,"Midsize-City",38863,"Management/self-employed/highly qualified employee/officer","Dell",1130.5533258781616,"Daily","Work","With.",2,"Beginner","No"
76087929,"Roger Smith","kimberly77@example.com",27,"Midsize-City",35395,"Management/self-employed/highly qualified employee/officer","HP",931.5285183431453,"Daily","Work","Draw lose.",2,"Beginner","Yes"
13513268,"Claire Maynard","james01@example.com",29,"Big City",271533,"Unemployed/Unskilled","Lenovo",1576.7108386482346,"Daily","Work","Adult care.",5,"Advanced","No"
41438338,"James Bennett","huntcrystal@example.net",43,"Big City",58294,"Management/self-employed/highly qualified employee/officer","Apple",1802.4082840828703,"Weekly","Entertainment","Certain environment.",2,"Intermediate","Yes"
16259907,"Kristi Shaw","ccoleman@example.org",66,"Small City",43884,"Management/self-employed/highly qualified employee/officer","Apple",1072.2089353052695,"Weekly","Gaming","Magazine.",1,"Intermediate","Yes"
71236527,"Elizabeth Thomas","albert56@example.net",40,"Midsize-City",37616,"Unemployed/Unskilled","HP",676.129020635065,"Daily","Entertainment","Argue.",1,"Intermediate","No"
30262475,"Regina Martinez","ochambers@example.com",70,"Small City",37972,"Unemployed/Unskilled","Apple",1979.4280083495444,"Weekly","Work","Old.",5,"Intermediate","No"
59277843,"Alyssa Gonzalez","okline@example.net",19,"Big City",55940,"Management/self-employed/highly qualified employee/officer","Asus",817.2620566882593,"Weekly","Work","Peace.",5,"Intermediate","No"
52220252,"Hector Wilson","zachary58@example.net",43,"Big City",124200,"Management/self-employed/highly qualified employee/officer","Apple",1235.3399736228216,"Weekly","Entertainment","Skill instead.",4,"Expert","No"
97767279,"Nathan Sosa","xhunt@example.net",49,"Big City",203510,"Management/self-employed/highly qualified employee/officer","Lenovo",749.5403878461566,"Weekly","Work","Their.",4,"Expert","No"
57174900,"Kelly Ewing DDS","jesse38@example.net",27,"Big City",59143,"Unemployed/Unskilled","Dell",1810.1975981847672,"Rarely","Gaming","Agreement get.",4,"Advanced","No"
27713509,"Austin Carroll","bwilson@example.org",53,"Midsize-City",82875,"Skilled Employee/official","HP",1944.0481636318164,"Weekly","Gaming","Industry mind.",1,"Advanced","Yes"
19500771,"Joseph King","wrightwilliam@example.com",24,"Midsize-City",35350,"Skilled Employee/official","Acer",656.9122912578323,"Daily","Work","Air.",5,"Beginner","No"
32905076,"Tonya Moss","vmonroe@example.org",41,"Small City",40853,"Unemployed/Unskilled","Dell",829.6793106914571,"Daily","Work","Should Mr.",4,"Beginner","No"
81690711,"Patrick Martinez","mckaymichelle@example.org",45,"Small City",38486,"Skilled Employee/official","Acer",677.7306479050496,"Rarely","Entertainment","Tough night.",4,"Beginner","No"
24062231,"Kevin Martinez","hmurray@example.net",40,"Midsize-City",43551,"Unemployed/Unskilled","HP",633.0038347027612,"Daily","Work","I.",1,"Intermediate","Yes"
59030085,"Amanda Peterson","wadestephanie@example.com",59,"Small City",38112,"Skilled Employee/official","Asus",601.8804247218301,"Weekly","Work","Both.",2,"Beginner","No"
27371638,"Anthony Contreras","xoconnor@example.net",37,"Midsize-City",77185,"Management/self-employed/highly qualified employee/officer","Asus",1218.847197304438,"Daily","Entertainment","According candidate.",3,"Intermediate","Yes"
86404808,"Elizabeth Young","kimberly14@example.net",34,"Midsize-City",40342,"Unemployed/Unskilled","HP",1561.8260126764135,"Daily","Entertainment","Age detail.",5,"Beginner","No"
97934360,"Stacy Calderon","russellalexander@example.com",43,"Small City",39752,"Management/self-employed/highly qualified employee/officer","Dell",1945.5262278369557,"Rarely","Gaming","Walk.",2,"Beginner","No"
92928905,"John Allen","gwalker@example.com",47,"Big City",63350,"Unemployed/Unskilled","Apple",751.0410675079013,"Daily","Work","Total certainly.",4,"Advanced","No"
35507165,"Kathleen Morales","emilydavidson@example.com",51,"Big City",268474,"Management/self-employed/highly qualified employee/officer","Asus",1273.1820452326053,"Weekly","Gaming","Fund.",5,"Advanced","No"
93037802,"Adam Young","michellethompson@example.net",67,"Big City",53585,"Management/self-employed/highly qualified employee/officer","Dell",366.65038933901326,"Weekly","Gaming","Democrat hear.",1,"Advanced","No"
91812286,"Brian Harrington","james24@example.org",68,"Big City",223542,"Skilled Employee/official","Acer",1559.6569507202717,"Daily","Work","Though family.",4,"Expert","No"
